Name,Round,SecondsTarget2,ConfidentLevel,SecondsConfident,Score,PlayerTarget2,PlayerTarget1,SecondsTarget1,Images,Target Position,Correct_1,Correct_2,AI Position 1,AI Position 2,AI1 Correct,AI2 Correct
S1,1,0.45,5,0.92,2,1,1,0.75,M34,1,1,1,1,1,1,1
S1,2,0.42,5,1.05,4,1,1,0.57,M33,1,1,1,3,1,0,1
S1,3,0.62,5,0.77,6,4,4,0.73,HT24,4,1,1,4,6,1,0
S1,4,0.43,5,0.6,8,5,5,0.77,N58,5,1,1,6,6,0,0
S1,5,0.57,5,0.85,10,5,5,0.45,E13,5,1,1,6,1,0,0
S1,6,0.5,5,0.62,12,1,1,0.7,HT26,1,1,1,1,1,1,1
S1,8,0.52,5,0.58,15,2,2,0.83,E15,2,1,1,2,4,1,0
S1,9,0.9,5,1.47,15,6,6,0.72,N97,6,1,1,1,1,0,0
S1,10,0.28,5,0.9,15,5,5,0.47,E31,1,0,0,5,6,0,0
S1,11,0.3,0,0,17,5,5,1.15,N61,5,1,1,5,5,1,1
S1,12,0.33,5,0.63,18,3,6,0.63,E30,3,0,1,5,3,0,1
S1,13,0.32,2,1.27,20,3,3,0.65,HT41,3,1,1,3,6,1,0
S1,14,0.97,1,0.7,21,2,3,0.58,N69,3,1,0,1,1,0,0
S1,15,0.5,3,1.23,21,2,2,0.02,N14,5,0,0,2,4,0,0
S1,16,0.4,5,0.65,23,2,2,0.63,N51,2,1,1,2,2,1,1
S1,17,0.18,2,0.63,25,5,5,1.47,HT66,5,1,1,1,5,0,1
S1,18,0.42,2,0.85,26,2,5,0.93,HT101,5,1,0,5,2,1,0
S1,19,0.55,2,0.98,26,2,2,1.68,N71,3,0,0,1,1,0,0
S1,20,0.43,2,0.45,26,4,4,0.85,N16,5,0,0,1,4,0,0
S1,21,0.63,2,0.63,26,2,2,1.63,N48,1,0,0,1,1,1,1
S1,22,0.3,3,1.05,27,2,5,0.67,N15,2,0,1,5,2,0,1
S1,23,0.32,5,0.98,29,4,4,0.58,HT106A-Frog-4727.jpg,4,1,1,4,3,1,0
S1,24,0.53,5,1.42,31,1,1,0.58,N114,1,1,1,3,3,0,0
S1,25,0.98,1,0.95,31,3,3,0.23,N83,2,0,0,6,1,0,0
S1,26,0.32,5,0.75,33,4,4,0.52,N102,4,1,1,4,4,1,1
S1,27,0.47,4,1.5,35,5,5,0.55,HT73A-SeaHorse-959.jpg,5,1,1,1,5,0,1
S1,28,0.35,5,1.7,36,2,5,1.13,N154A-Fish-859.jpg,2,0,1,2,3,1,0
S1,29,0.47,2,1.3,36,6,6,0.72,N74,5,0,0,2,2,0,0
S1,30,0.35,2,0.88,38,4,4,0.72,H26A - Seahorn.jpg,4,1,1,1,2,0,0
S1,31,0.55,5,0.6,40,4,4,0.88,E36A - lizard.jpg,4,1,1,4,4,1,1
S1,32,0.47,2,0.42,42,2,2,1.07,N152A-Fish-801.jpg,2,1,1,4,2,0,1
S1,33,0.4,3,0.47,44,1,1,0.53,HT67A-OrpionFish-932.jpg,1,1,1,1,5,1,0
S1,34,1.45,2,1.07,45,3,2,0.53,N77,2,1,0,1,1,0,0
S1,35,0.42,2,0.55,47,2,2,0.68,HT80A-Spider-2560.jpg,2,1,1,5,6,0,0
S1,36,0.35,5,1.22,49,5,5,0.43,40A - Tutle.jpg,5,1,1,5,5,1,1
S1,37,0.87,5,0.63,50,2,5,1.42,55A - Fog.jpg,2,0,1,6,2,0,1
S1,38,0.43,5,1.1,52,2,2,0.52,49A - Insect.jpg,2,1,1,2,6,1,0
S1,39,0.53,5,0.95,54,2,2,0.55,N213A-Lizard-2136.jpg,2,1,1,4,4,0,0
S1,40,0.42,3,1.18,56,1,1,0.5,HT84A-Spider-2766.jpg,1,1,1,3,4,0,0
S2,1,0.28,5,1.05,2,1,1,0.4,M34,1,1,1,1,1,1,1
S2,2,0.28,5,0.77,4,1,1,1.18,M33,1,1,1,3,1,0,1
S2,3,0.33,5,0.77,6,4,4,0.8,HT24,4,1,1,4,6,1,0
S2,4,0.42,5,0.73,8,5,5,0.42,N58,5,1,1,6,6,0,0
S2,5,0.52,5,0.92,10,5,5,0.52,E13,5,1,1,6,1,0,0
S2,6,0.37,5,0.53,12,1,1,0.47,HT26,1,1,1,1,1,1,1
S2,7,0.3,5,0.48,14,5,5,0.45,HT22,5,1,1,2,5,0,1
S2,8,0.32,5,0.88,16,2,2,0.38,E15,2,1,1,2,4,1,0
S2,9,0.47,4,0.93,16,6,6,0.48,N97,6,1,1,1,1,0,0
S2,10,0.33,2,0.37,16,2,2,0.85,E31,1,0,0,5,6,0,0
S2,11,0.43,5,0.9,18,5,5,0.43,N61,5,1,1,5,5,1,1
S2,12,0.5,5,0.52,20,3,3,0.38,E30,3,1,1,5,3,0,1
S2,13,0.37,5,0.87,22,3,3,0.47,HT41,3,1,1,3,6,1,0
S2,14,0.43,5,0.63,22,5,5,0.98,N69,3,0,0,1,1,0,0
S2,15,0.3,5,0.63,22,3,3,0.45,N14,5,0,0,2,4,0,0
S2,16,0.45,1,0.47,22,4,4,0.33,N51,2,0,0,2,2,1,1
S2,17,0.28,3,0.35,22,4,4,0.32,HT66,5,0,0,1,5,0,1
S2,18,0.37,2,0.37,22,3,6,0.43,HT101,5,0,0,5,2,1,0
S2,19,0.45,2,0.48,22,2,4,0.67,N71,3,0,0,1,1,0,0
S2,20,0.28,3,1.27,24,5,5,0.4,N16,5,1,1,1,4,0,0
S2,21,0.3,2,0.38,25,1,4,0.47,N48,1,0,1,1,1,1,1
S2,22,0.8,2,1.02,25,5,5,0.4,N15,2,0,0,5,2,0,1
S2,23,0.15,2,1.63,27,4,4,0.45,HT106A-Frog-4727.jpg,4,1,1,4,3,1,0
S2,24,0.13,5,0.37,29,1,1,0.25,N114,1,1,1,3,3,0,0
S2,25,0.27,2,0.48,29,3,4,0.37,N83,2,0,0,6,1,0,0
S2,26,0.37,5,1.17,31,4,4,0.13,N102,4,1,1,4,4,1,1
S2,27,0.45,5,0.83,33,5,5,0.43,HT73A-SeaHorse-959.jpg,5,1,1,1,5,0,1
S2,28,0.28,2,0.47,35,2,2,0.37,N154A-Fish-859.jpg,2,1,1,2,3,1,0
S2,29,0.33,3,0.65,35,6,6,0.4,N74,5,0,0,2,2,0,0
S2,30,0.32,3,1.67,37,4,4,0.32,H26A - Seahorn.jpg,4,1,1,1,2,0,0
S2,31,0.32,5,0.83,39,4,4,0.4,E36A - lizard.jpg,4,1,1,4,4,1,1
S2,32,0.35,3,0.33,39,3,3,0.45,N152A-Fish-801.jpg,2,0,0,4,2,0,1
S2,33,0.5,3,1.35,41,1,1,0.42,HT67A-OrpionFish-932.jpg,1,1,1,1,5,1,0
S2,34,0.08,5,1.2,43,2,2,0.38,N77,2,1,1,1,1,0,0
S2,35,0.38,3,1.05,44,2,3,0.23,HT80A-Spider-2560.jpg,2,0,1,5,6,0,0
S2,36,0.35,5,1.72,46,5,5,0.42,40A - Tutle.jpg,5,1,1,5,5,1,1
S2,37,0.63,2,0.37,46,6,6,0.4,55A - Fog.jpg,2,0,0,6,2,0,1
S2,38,0.23,3,1.5,48,2,2,0.33,49A - Insect.jpg,2,1,1,2,6,1,0
S2,39,0.23,2,0.7,48,5,1,0.33,N213A-Lizard-2136.jpg,2,0,0,4,4,0,0
S2,40,0.33,5,0.9,50,1,1,0.33,HT84A-Spider-2766.jpg,1,1,1,3,4,0,0
S3,1,0.28,5,1.43,2,1,1,0.93,M34,1,1,1,1,1,1,1
S3,2,0.23,5,0.3,4,1,1,0.7,M33,1,1,1,3,1,0,1
S3,3,0.35,5,0.38,6,4,4,0.53,HT24,4,1,1,4,6,1,0
S3,4,1.27,0,0.42,6,6,4,1.78,N58,5,0,0,6,6,0,0
S3,5,1.23,0,0.67,6,3,3,0.77,E13,5,0,0,6,1,0,0
S3,6,0.28,5,0.43,8,1,1,0.28,HT26,1,1,1,1,1,1,1
S3,7,0.32,3,0.9,9,5,2,0.83,HT22,5,0,1,2,5,0,1
S3,8,0.32,5,0.37,11,2,2,0.35,E15,2,1,1,2,4,1,0
S3,9,0.4,4,0.35,11,6,1,0.9,N97,6,0,1,1,1,0,0
S3,10,0.33,5,0.33,12,1,5,0.87,E31,1,0,1,5,6,0,0
S3,11,0.4,5,0.68,14,5,5,0.43,N61,5,1,1,5,5,1,1
S3,12,0.58,5,0.35,15,3,5,0.25,E30,3,0,1,5,3,0,1
S3,13,0.27,5,0.38,17,3,3,0.28,HT41,3,1,1,3,6,1,0
S3,14,0.68,1,0.35,17,1,6,0.42,N69,3,0,0,1,1,0,0
S3,15,0.33,2,0.97,17,6,2,0.42,N14,5,0,0,2,4,0,0
S3,16,0.3,5,0.58,19,2,2,0.3,N51,2,1,1,2,2,1,1
S3,17,0.5,2,0.32,21,5,5,0.63,HT66,5,1,1,1,5,0,1
S3,18,0.95,1,0.87,21,3,3,0.75,HT101,5,0,0,5,2,1,0
S3,19,0.43,4,0.52,21,1,1,0.32,N71,3,0,0,1,1,0,0
S3,20,0.28,5,0.4,22,5,2,0.45,N16,5,0,1,1,4,0,0
S3,21,0.27,5,0.63,23,1,2,1.38,N48,1,0,1,1,1,1,1
S3,22,0.47,4,0.35,25,2,2,0.28,N15,2,1,1,5,2,0,1
S3,23,0.28,5,0.65,27,4,4,0.33,HT106A-Frog-4727.jpg,4,1,1,4,3,1,0
S3,24,0.32,3,0.43,28,1,3,0.32,N114,1,0,1,3,3,0,0
S3,25,0.28,2,0.38,29,2,6,0.5,N83,2,0,1,6,1,0,0
S3,26,0.42,5,0.53,31,4,4,0.6,N102,4,1,1,4,4,1,1
S3,27,0.3,4,0.47,33,5,5,0.43,HT73A-SeaHorse-959.jpg,5,1,1,1,5,0,1
S3,28,0.28,5,0.47,35,2,2,0.25,N154A-Fish-859.jpg,2,1,1,2,3,1,0
S3,29,0.72,2,0.85,36,5,2,0.6,N74,5,0,1,2,2,0,0
S3,30,0.43,3,0.98,38,4,4,0.72,H26A - Seahorn.jpg,4,1,1,1,2,0,0
S3,31,0.45,4,0.37,40,4,4,0.3,E36A - lizard.jpg,4,1,1,4,4,1,1
S3,32,0.32,2,0.37,42,2,2,0.23,N152A-Fish-801.jpg,2,1,1,4,2,0,1
S3,33,0.4,2,0.32,42,5,2,0.97,HT67A-OrpionFish-932.jpg,1,0,0,1,5,1,0
S3,34,0.32,5,0.63,44,2,2,0.52,N77,2,1,1,1,1,0,0
S3,35,0.33,1,0.38,44,3,3,0.62,HT80A-Spider-2560.jpg,2,0,0,5,6,0,0
S3,36,0.32,4,0.38,46,5,5,0.53,40A - Tutle.jpg,5,1,1,5,5,1,1
S3,37,0.3,4,0.47,47,2,1,0.62,55A - Fog.jpg,2,0,1,6,2,0,1
S3,38,0.3,4,0.48,49,2,2,0.28,49A - Insect.jpg,2,1,1,2,6,1,0
S3,39,0.23,5,0.67,51,2,2,0.3,N213A-Lizard-2136.jpg,2,1,1,4,4,0,0
S3,40,0.38,5,0.53,53,1,1,0.7,HT84A-Spider-2766.jpg,1,1,1,3,4,0,0
S4,1,0.53,5,1.12,2,1,1,0.68,M34,1,1,1,1,1,1,1
S4,2,0.47,5,0.92,4,1,1,0.52,M33,1,1,1,3,1,0,1
S4,3,0.52,5,0.63,6,4,4,0.48,HT24,4,1,1,4,6,1,0
S4,4,0.55,5,1.08,8,5,5,0.5,N58,5,1,1,6,6,0,0
S4,5,0.32,5,0.72,10,5,5,0.67,E13,5,1,1,6,1,0,0
S4,6,0.58,5,0.63,12,1,1,0.88,HT26,1,1,1,1,1,1,1
S4,7,0.43,2,0.57,14,5,5,0.43,HT22,5,1,1,2,5,0,1
S4,8,0.47,5,0.38,16,2,2,0.45,E15,2,1,1,2,4,1,0
S4,9,0.55,5,0.48,16,6,6,0.75,N97,6,1,1,1,1,0,0
S4,10,0.37,5,0.47,17,1,5,0.65,E31,1,0,1,5,6,0,0
S4,11,0.32,5,0.6,19,5,5,0.78,N61,5,1,1,5,5,1,1
S4,12,0.67,4,0.68,20,3,5,0.75,E30,3,0,1,5,3,0,1
S4,13,0.3,4,0.75,22,3,3,0.3,HT41,3,1,1,3,6,1,0
S4,14,0.8,0,0.4,22,6,1,1.15,N69,3,0,0,1,1,0,0
S4,15,1,1,1.22,23,5,2,0.82,N14,5,0,1,2,4,0,0
S4,16,0.32,5,0.35,25,2,2,0.5,N51,2,1,1,2,2,1,1
S4,17,0.48,2,0.97,25,6,6,0.78,HT66,5,0,0,1,5,0,1
S4,18,0.47,3,1.43,27,5,5,0.92,HT101,5,1,1,5,2,1,0
S4,19,0.27,3,0.65,28,3,2,0.97,N71,3,0,1,1,1,0,0
S4,20,0.38,1,1.1,28,6,6,1.03,N16,5,0,0,1,4,0,0
S4,21,0.3,2,0.43,28,2,2,0.55,N48,1,0,0,1,1,1,1
S4,22,0.3,3,0.57,29,2,5,0.48,N15,2,0,1,5,2,0,1
S4,23,0.33,5,1.15,31,4,4,0.42,HT106A-Frog-4727.jpg,4,1,1,4,3,1,0
S4,24,0.38,5,1,33,1,1,0.47,N114,1,1,1,3,3,0,0
S4,25,1.13,2,1.67,33,6,5,1.08,N83,2,0,0,6,1,0,0
S4,26,0.3,4,0.52,35,4,4,0.43,N102,4,1,1,4,4,1,1
S4,27,0.32,4,0.62,37,5,5,0.55,HT73A-SeaHorse-959.jpg,5,1,1,1,5,0,1
S4,28,0.37,3,0.55,39,2,2,0.47,N154A-Fish-859.jpg,2,1,1,2,3,1,0
S4,29,0.3,3,0.75,41,5,5,0.42,N74,5,1,1,2,2,0,0
S4,30,0.42,5,1.13,43,4,4,0.33,H26A - Seahorn.jpg,4,1,1,1,2,0,0
S4,31,0.3,5,0.5,45,4,4,0.73,E36A - lizard.jpg,4,1,1,4,4,1,1
S4,32,0.47,2,0.98,46,2,4,0.6,N152A-Fish-801.jpg,2,0,1,4,2,0,1
S4,33,0.47,4,0.95,48,1,1,0.57,HT67A-OrpionFish-932.jpg,1,1,1,1,5,1,0
S4,34,0.33,1,0.72,49,5,2,0.4,N77,2,1,0,1,1,0,0
S4,35,1.07,2,0.5,49,3,3,0.35,HT80A-Spider-2560.jpg,2,0,0,5,6,0,0
S4,36,0.2,4,1.15,51,5,5,0.4,40A - Tutle.jpg,5,1,1,5,5,1,1
S4,37,0.3,3,1.07,52,2,1,0.85,55A - Fog.jpg,2,0,1,6,2,0,1
S4,38,0.28,2,0.35,52,1,6,0.85,49A - Insect.jpg,2,0,0,2,6,1,0
S4,39,0.28,2,0.37,53,2,5,0.72,N213A-Lizard-2136.jpg,2,0,1,4,4,0,0
S4,40,0.35,4,0.38,55,1,1,0.28,HT84A-Spider-2766.jpg,1,1,1,3,4,0,0
S5,1,0.5,5,0.42,2,1,1,0.47,M34,1,1,1,1,1,1,1
S5,2,0.48,4,0.4,4,1,1,0.53,M33,1,1,1,3,1,0,1
S5,3,0.45,5,0.57,6,4,4,0.63,HT24,4,1,1,4,6,1,0
S5,4,0.53,5,0.68,8,5,5,0.43,N58,5,1,1,6,6,0,0
S5,5,0.52,5,0.7,10,5,5,0.57,E13,5,1,1,6,1,0,0
S5,6,0.55,5,0.87,12,1,1,1.93,HT26,1,1,1,1,1,1,1
S5,7,0.63,3,0.8,13,5,2,1.43,HT22,5,0,1,2,5,0,1
S5,8,0.48,5,0.53,15,2,2,0.7,E15,2,1,1,2,4,1,0
S5,9,0.53,5,0.52,15,6,6,0.57,N97,6,1,1,1,1,0,0
S5,10,0.55,2,0.7,15,5,5,0.42,E31,1,0,0,5,6,0,0
S5,11,0.38,5,0.52,17,5,5,0.68,N61,5,1,1,5,5,1,1
S5,12,0.67,5,0.58,18,3,5,0.4,E30,3,0,1,5,3,0,1
S5,14,0.4,5,0.57,21,3,3,1.05,N69,3,1,1,1,1,0,0
S5,15,0.52,5,0.5,23,5,5,0.65,N14,5,1,1,2,4,0,0
S5,16,0.37,5,0.62,25,2,2,0.57,N51,2,1,1,2,2,1,1
S5,17,0.33,5,0.53,27,5,5,0.5,HT66,5,1,1,1,5,0,1
S5,18,0.42,5,0.75,29,5,5,0.45,HT101,5,1,1,5,2,1,0
S5,19,0.38,4,0.35,30,3,1,0.72,N71,3,0,1,1,1,0,0
S5,20,0.38,4,0.68,31,5,6,0.62,N16,5,0,1,1,4,0,0
S5,21,0.45,5,0.62,33,1,1,0.8,N48,1,1,1,1,1,1,1
S5,22,0.47,5,0.3,35,2,2,0.72,N15,2,1,1,5,2,0,1
S5,23,0.43,5,0.47,37,4,4,0.47,HT106A-Frog-4727.jpg,4,1,1,4,3,1,0
S5,24,0.38,4,0.32,39,1,1,0.42,N114,1,1,1,3,3,0,0
S5,25,0.53,4,0.67,41,2,2,0.53,N83,2,1,1,6,1,0,0
S5,26,0.38,5,0.48,43,4,4,0.42,N102,4,1,1,4,4,1,1
S5,27,0.38,5,0.5,45,5,5,0.43,HT73A-SeaHorse-959.jpg,5,1,1,1,5,0,1
S5,28,0.35,5,0.58,47,2,2,0.48,N154A-Fish-859.jpg,2,1,1,2,3,1,0
S5,29,0.3,3,0.42,49,5,5,0.37,N74,5,1,1,2,2,0,0
S5,30,0.72,5,0.43,51,4,4,0.43,H26A - Seahorn.jpg,4,1,1,1,2,0,0
S5,31,0.4,5,0.87,53,4,4,0.4,E36A - lizard.jpg,4,1,1,4,4,1,1
S5,32,0.42,5,0.4,55,2,2,0.6,N152A-Fish-801.jpg,2,1,1,4,2,0,1
S5,33,0.58,5,0.53,57,1,1,0.48,HT67A-OrpionFish-932.jpg,1,1,1,1,5,1,0
S5,34,0.4,5,0.5,59,2,2,0.42,N77,2,1,1,1,1,0,0
S5,35,0.77,2,0.45,61,2,2,0.47,HT80A-Spider-2560.jpg,2,1,1,5,6,0,0
S5,36,0.35,5,0.83,63,5,5,0.57,40A - Tutle.jpg,5,1,1,5,5,1,1
S5,37,0.93,5,0.73,64,2,6,0.48,55A - Fog.jpg,2,0,1,6,2,0,1
S5,38,0.38,3,0.37,66,2,2,0.68,49A - Insect.jpg,2,1,1,2,6,1,0
S5,39,0.62,5,0.4,68,2,2,0.48,N213A-Lizard-2136.jpg,2,1,1,4,4,0,0
S5,40,0.47,3,0.5,69,1,3,0.55,HT84A-Spider-2766.jpg,1,0,1,3,4,0,0
S6,1,0.38,5,0.47,2,1,1,0.4,M34,1,1,1,1,1,1,1
S6,2,0.33,5,0.79,3,1,3,0.36,M33,1,0,1,3,1,0,1
S6,3,0.45,5,1,5,4,4,0.27,HT24,4,1,1,4,6,1,0
S6,4,0.09,5,1.26,5,6,6,0.27,N58,5,0,0,6,6,0,0
S6,5,0.31,4,1.24,7,5,5,0.31,E13,5,1,1,6,1,0,0
S6,6,0.32,5,0.77,9,1,1,0.27,HT26,1,1,1,1,1,1,1
S6,7,0.3,5,0.41,11,5,5,0.36,HT22,5,1,1,2,5,0,1
S6,8,0.64,5,0.49,13,2,2,0.2,E15,2,1,1,2,4,1,0
S6,9,0.3,4,0.65,13,6,6,0.26,N97,6,1,1,1,1,0,0
S6,10,0.12,5,1.03,15,1,1,0.24,E31,1,1,1,5,6,0,0
S6,11,0.29,5,0.66,17,5,5,0.36,N61,5,1,1,5,5,1,1
S6,12,0.34,5,0.44,18,3,5,0.74,E30,3,0,1,5,3,0,1
S6,13,0.28,5,0.36,20,3,3,0.29,HT41,3,1,1,3,6,1,0
S6,14,0.18,5,0.49,21,3,1,0.53,N69,3,0,1,1,1,0,0
S6,15,0.51,5,0.28,21,4,2,0.38,N14,5,0,0,2,4,0,0
S6,16,0.44,5,0.33,23,2,2,0.25,N51,2,1,1,2,2,1,1
S6,17,0.43,5,0.63,23,2,1,0.62,HT66,5,0,0,1,5,0,1
S6,18,0.95,5,0.38,25,5,5,0.56,HT101,5,1,1,5,2,1,0
S6,19,0.14,3,0.31,25,1,1,0.41,N71,3,0,0,1,1,0,0
S6,20,0.11,5,0.25,27,5,5,0.3,N16,5,1,1,1,4,0,0
S6,21,0.37,5,0.3,28,1,4,0.38,N48,1,0,1,1,1,1,1
S6,22,0.87,5,1.01,30,2,2,0.31,N15,2,1,1,5,2,0,1
S6,23,0.23,5,0.75,32,4,4,0.35,HT106A-Frog-4727.jpg,4,1,1,4,3,1,0
S6,24,0.26,1,0.42,32,3,3,0.32,N114,1,0,0,3,3,0,0
S6,25,0.37,1,1.13,32,1,6,0.29,N83,2,0,0,6,1,0,0
S6,26,0.01,5,0.56,34,4,4,0.33,N102,4,1,1,4,4,1,1
S6,27,0.26,5,0.53,36,5,5,0.64,HT73A-SeaHorse-959.jpg,5,1,1,1,5,0,1
S6,28,0.35,5,0.42,38,2,2,0.28,N154A-Fish-859.jpg,2,1,1,2,3,1,0
S6,29,0.98,2,0.45,40,5,5,0.59,N74,5,1,1,2,2,0,0
S6,30,0.87,2,1.3,42,4,4,0.28,H26A - Seahorn.jpg,4,1,1,1,2,0,0
S6,31,0.27,5,0.4,44,4,4,0.31,E36A - lizard.jpg,4,1,1,4,4,1,1
S6,32,0.28,3,0.88,44,4,4,0.27,N152A-Fish-801.jpg,2,0,0,4,2,0,1
S6,33,0.2,5,0.56,46,1,1,0.32,HT67A-OrpionFish-932.jpg,1,1,1,1,5,1,0
S6,34,0.26,2,0.42,46,1,1,0.52,N77,2,0,0,1,1,0,0
S6,35,1.71,2,1.27,46,5,5,0.35,HT80A-Spider-2560.jpg,2,0,0,5,6,0,0
S6,36,0.23,5,0.62,48,5,5,0.34,40A - Tutle.jpg,5,1,1,5,5,1,1
S6,37,0.32,5,0.79,49,2,6,1.2,55A - Fog.jpg,2,0,1,6,2,0,1
S6,38,0.2,2,0.38,51,2,2,0.36,49A - Insect.jpg,2,1,1,2,6,1,0
S6,39,0.29,5,0.57,53,2,2,0.28,N213A-Lizard-2136.jpg,2,1,1,4,4,0,0
S6,40,0.28,5,0.53,55,1,1,0.28,HT84A-Spider-2766.jpg,1,1,1,3,4,0,0
S7,1,0.47,4,0.98,2,1,1,0.75,M34,1,1,1,1,1,1,1
S7,2,0.83,5,1.55,3,1,3,1.1,M33,1,0,1,3,1,0,1
S7,3,0.72,4,1.5,5,4,4,0.98,HT24,4,1,1,4,6,1,0
S7,4,0.9,5,1.15,6,5,4,1,N58,5,0,1,6,6,0,0
S7,5,1.32,0,0,6,3,3,0.87,E13,5,0,0,6,1,0,0
S7,6,0.62,5,0.65,8,1,1,1,HT26,1,1,1,1,1,1,1
S7,7,0.72,5,1.3,10,5,5,1.2,HT22,5,1,1,2,5,0,1
S7,8,1.87,5,1.22,12,2,2,0.57,E15,2,1,1,2,4,1,0
S7,9,0.82,5,1.05,12,6,6,1.93,N97,6,1,1,1,1,0,0
S7,10,1,4,1.23,12,5,5,1.25,E31,1,0,0,5,6,0,0
S7,11,0.42,5,1.17,14,5,5,0.62,N61,5,1,1,5,5,1,1
S7,12,1.02,5,0.93,15,3,2,1.2,E30,3,0,1,5,3,0,1
S7,13,1.75,5,1.1,16,6,3,0.92,HT41,3,1,0,3,6,1,0
S7,14,0.3,4,0.57,16,1,1,1.12,N69,3,0,0,1,1,0,0
S7,15,0.73,5,0.88,16,2,2,1.17,N14,5,0,0,2,4,0,0
S7,16,0.47,5,1.15,17,2,5,1.6,N51,2,0,1,2,2,1,1
S7,17,1.22,4,1.38,18,5,4,1.03,HT66,5,0,1,1,5,0,1
S7,18,0.7,5,1.02,20,5,5,0.58,HT101,5,1,1,5,2,1,0
S7,20,1.02,4,1.37,22,4,5,0.77,N16,5,1,0,1,4,0,0
S7,21,0.33,3,1.18,22,2,2,0.72,N48,1,0,0,1,1,1,1
S7,22,0.38,5,1.18,24,2,2,0.35,N15,2,1,1,5,2,0,1
S7,23,0.38,5,1.2,26,4,4,0.88,HT106A-Frog-4727.jpg,4,1,1,4,3,1,0
S7,24,0.48,4,1.23,28,1,1,1.2,N114,1,1,1,3,3,0,0
S7,25,0.38,3,0.8,28,6,6,0.85,N83,2,0,0,6,1,0,0
S7,26,0.47,5,1.32,30,4,4,0.88,N102,4,1,1,4,4,1,1
S7,27,0.68,4,0.88,32,5,5,0.52,HT73A-SeaHorse-959.jpg,5,1,1,1,5,0,1
S7,28,0.73,4,0.38,32,3,1,0.88,N154A-Fish-859.jpg,2,0,0,2,3,1,0
S7,29,0.52,1,1.33,33,5,2,0.05,N74,5,0,1,2,2,0,0
S7,30,0.7,3,1.63,33,3,3,1.17,H26A - Seahorn.jpg,4,0,0,1,2,0,0
S7,31,0.48,5,0.93,35,4,4,1.08,E36A - lizard.jpg,4,1,1,4,4,1,1
S7,32,0.48,5,1.13,36,2,5,0.43,N152A-Fish-801.jpg,2,0,1,4,2,0,1
S7,33,0.83,4,1.02,38,1,1,1.07,HT67A-OrpionFish-932.jpg,1,1,1,1,5,1,0
S7,34,0.62,5,0.52,40,2,2,0.32,N77,2,1,1,1,1,0,0
S7,35,0.58,5,1.17,42,2,2,0.97,HT80A-Spider-2560.jpg,2,1,1,5,6,0,0
S7,36,0.8,5,1.32,43,5,4,1.17,40A - Tutle.jpg,5,0,1,5,5,1,1
S7,37,1.27,5,0.8,44,2,6,0.5,55A - Fog.jpg,2,0,1,6,2,0,1
S7,38,1.25,5,1.15,44,6,3,0.42,49A - Insect.jpg,2,0,0,2,6,1,0
S7,39,0.57,4,1.25,44,4,1,0.5,N213A-Lizard-2136.jpg,2,0,0,4,4,0,0
S7,40,0.98,4,1.35,46,1,1,0.52,HT84A-Spider-2766.jpg,1,1,1,3,4,0,0
S8,1,0.4,5,0.52,2,1,1,0.47,M34,1,1,1,1,1,1,1
S8,2,0.72,4,0.43,4,1,1,1.5,M33,1,1,1,3,1,0,1
S8,3,0.3,5,0.62,6,4,4,0.42,HT24,4,1,1,4,6,1,0
S8,4,0.27,5,0.35,8,5,5,0.28,N58,5,1,1,6,6,0,0
S8,5,0.35,5,0.53,10,5,5,0.55,E13,5,1,1,6,1,0,0
S8,6,0.33,5,0.28,12,1,1,0.57,HT26,1,1,1,1,1,1,1
S8,7,0.3,4,0.57,14,5,5,0.58,HT22,5,1,1,2,5,0,1
S8,8,0.28,5,0.25,16,2,2,0.5,E15,2,1,1,2,4,1,0
S8,9,0.25,4,0.35,16,6,6,0.45,N97,6,1,1,1,1,0,0
S8,10,0.28,5,0.3,18,1,1,0.6,E31,1,1,1,5,6,0,0
S8,11,0.28,5,0.27,20,5,5,0.33,N61,5,1,1,5,5,1,1
S8,12,0.27,4,0.35,21,3,5,1.05,E30,3,0,1,5,3,0,1
S8,13,0.27,5,0.33,23,3,3,0.35,HT41,3,1,1,3,6,1,0
S8,14,0.37,4,0.38,25,3,3,0.25,N69,3,1,1,1,1,0,0
S8,15,1.2,0,0.5,25,4,2,0.47,N14,5,0,0,2,4,0,0
S8,16,1.63,5,0.9,27,2,2,0.42,N51,2,1,1,2,2,1,1
S8,17,0.32,2,0.25,27,4,4,0.42,HT66,5,0,0,1,5,0,1
S8,18,0.28,4,1.35,29,5,5,0.32,HT101,5,1,1,5,2,1,0
S8,19,0.47,5,0.27,31,3,3,0.27,N71,3,1,1,1,1,0,0
S8,20,0.33,1,0.9,32,5,2,0.53,N16,5,0,1,1,4,0,0
S8,21,0.3,2,0.12,34,1,1,0.27,N48,1,1,1,1,1,1,1
S8,22,0.3,5,0.6,36,2,2,0.23,N15,2,1,1,5,2,0,1
S8,23,0.32,5,0.32,38,4,4,0.33,HT106A-Frog-4727.jpg,4,1,1,4,3,1,0
S8,24,1.17,4,1.17,40,1,1,0.38,N114,1,1,1,3,3,0,0
S8,25,0.42,5,0.25,42,2,2,0.25,N83,2,1,1,6,1,0,0
S8,26,0.33,5,0.23,44,4,4,0.28,N102,4,1,1,4,4,1,1
S8,27,0.23,4,0.48,46,5,5,0.08,HT73A-SeaHorse-959.jpg,5,1,1,1,5,0,1
S8,28,0.55,4,0.77,48,2,2,0.3,N154A-Fish-859.jpg,2,1,1,2,3,1,0
S8,29,0.25,5,0.67,50,5,5,0.62,N74,5,1,1,2,2,0,0
S8,30,0.43,4,1,52,4,4,0.52,H26A - Seahorn.jpg,4,1,1,1,2,0,0
S8,31,0.32,5,0.92,54,4,4,0.32,E36A - lizard.jpg,4,1,1,4,4,1,1
S8,32,1.47,1,1.05,54,4,4,0.93,N152A-Fish-801.jpg,2,0,0,4,2,0,1
S8,33,0.33,4,0.62,56,1,1,0.33,HT67A-OrpionFish-932.jpg,1,1,1,1,5,1,0
S8,34,0.25,5,0.38,58,2,2,0.7,N77,2,1,1,1,1,0,0
S8,35,1.07,0,0.28,58,4,5,0.25,HT80A-Spider-2560.jpg,2,0,0,5,6,0,0
S8,36,0.52,5,0.68,60,5,5,0.23,40A - Tutle.jpg,5,1,1,5,5,1,1
S8,37,0.43,5,0.33,62,2,2,0.35,55A - Fog.jpg,2,1,1,6,2,0,1
S8,38,0.38,0,0.27,63,2,3,0.55,49A - Insect.jpg,2,0,1,2,6,1,0
S8,39,0.3,5,0.42,65,2,2,0.37,N213A-Lizard-2136.jpg,2,1,1,4,4,0,0
S8,40,0.28,4,0.32,66,1,2,0.38,HT84A-Spider-2766.jpg,1,0,1,3,4,0,0
S9,1,0.75,5,0.72,2,1,1,0.4,M34,1,1,1,1,1,1,1
S9,2,0.27,5,0.82,3,1,4,0.4,M33,1,0,1,3,1,0,1
S9,3,0.3,5,0.43,5,4,4,0.43,HT24,4,1,1,4,6,1,0
S9,4,0.38,5,0.6,5,6,6,0.8,N58,5,0,0,6,6,0,0
S9,5,0.3,5,0.85,7,5,5,0.83,E13,5,1,1,6,1,0,0
S9,6,0.27,5,0.5,9,1,1,0.28,HT26,1,1,1,1,1,1,1
S9,7,0.15,5,0.68,10,5,2,0.38,HT22,5,0,1,2,5,0,1
S9,8,0.3,5,0.35,12,2,2,0.3,E15,2,1,1,2,4,1,0
S9,9,0.27,5,0.57,12,6,6,0.53,N97,6,1,1,1,1,0,0
S9,10,0.23,5,0.97,14,1,1,0.15,E31,1,1,1,5,6,0,0
S9,11,0.3,0,0,16,5,5,0.45,N61,5,1,1,5,5,1,1
S9,12,0.05,5,0.28,17,3,5,0.32,E30,3,0,1,5,3,0,1
S9,13,0.3,0,0,19,3,3,0.13,HT41,3,1,1,3,6,1,0
S9,14,0.2,5,1.27,19,1,1,0.28,N69,3,0,0,1,1,0,0
S9,15,0.57,5,0.97,19,2,2,0.32,N14,5,0,0,2,4,0,0
S9,16,0.4,5,0.45,21,2,2,0.27,N51,2,1,1,2,2,1,1
S9,17,0.33,5,0.92,23,5,5,0.72,HT66,5,1,1,1,5,0,1
S9,18,0.33,5,1.13,25,5,5,0.4,HT101,5,1,1,5,2,1,0
S9,19,0.37,5,0.63,25,1,1,0.3,N71,3,0,0,1,1,0,0
S9,20,0.47,4,0.33,25,1,1,0.35,N16,5,0,0,1,4,0,0
S9,21,0.33,4,0.87,25,2,2,0.55,N48,1,0,0,1,1,1,1
S9,22,0.33,4,0.97,27,2,2,0.28,N15,2,1,1,5,2,0,1
S9,23,0.27,4,0.7,29,4,4,0.42,HT106A-Frog-4727.jpg,4,1,1,4,3,1,0
S9,24,0.2,5,0.48,31,1,1,0.4,N114,1,1,1,3,3,0,0
S9,25,0.27,3,0.27,33,2,2,0.72,N83,2,1,1,6,1,0,0
S9,26,0.33,5,0.9,35,4,4,0.4,N102,4,1,1,4,4,1,1
S9,27,0.73,5,0.68,37,5,5,0.03,HT73A-SeaHorse-959.jpg,5,1,1,1,5,0,1
S9,28,1.2,5,0.45,39,2,2,0.15,N154A-Fish-859.jpg,2,1,1,2,3,1,0
S9,29,0.15,5,0.25,41,5,5,0.27,N74,5,1,1,2,2,0,0
S9,30,0.15,3,0.57,41,3,3,0.55,H26A - Seahorn.jpg,4,0,0,1,2,0,0
S9,31,0.35,5,0.85,43,4,4,0.73,E36A - lizard.jpg,4,1,1,4,4,1,1
S9,32,0.28,5,0.73,45,2,2,1.05,N152A-Fish-801.jpg,2,1,1,4,2,0,1
S9,33,0.1,4,0.45,47,1,1,0.12,HT67A-OrpionFish-932.jpg,1,1,1,1,5,1,0
S9,34,0.47,5,0.83,49,2,2,0.52,N77,2,1,1,1,1,0,0
S9,35,0.77,4,0.65,49,3,3,1.28,HT80A-Spider-2560.jpg,2,0,0,5,6,0,0
S9,36,0.5,4,0.62,51,5,5,0.2,40A - Tutle.jpg,5,1,1,5,5,1,1
S9,37,0.68,0,0,53,2,2,0.28,55A - Fog.jpg,2,1,1,6,2,0,1
S9,38,0.4,5,1.2,55,2,2,0.18,49A - Insect.jpg,2,1,1,2,6,1,0
S9,39,0.58,5,1.4,55,4,4,0.17,N213A-Lizard-2136.jpg,2,0,0,4,4,0,0
S9,40,0.63,5,1.13,55,3,3,0.87,HT84A-Spider-2766.jpg,1,0,0,3,4,0,0
S10,1,1.32,5,1.35,2,1,1,0.58,M34,1,1,1,1,1,1,1
S10,2,0.42,0,0,4,1,1,0.63,M33,1,1,1,3,1,0,1
S10,3,0.45,5,1.17,6,4,4,1.2,HT24,4,1,1,4,6,1,0
S10,4,0.57,0,0,8,5,5,1,N58,5,1,1,6,6,0,0
S10,5,1.23,1,1.27,8,3,3,1.08,E13,5,0,0,6,1,0,0
S10,6,0.32,5,0.55,10,1,1,0.57,HT26,1,1,1,1,1,1,1
S10,7,1.62,2,1.43,11,5,2,0.5,HT22,5,0,1,2,5,0,1
S10,8,0.3,5,0.83,13,2,2,0.4,E15,2,1,1,2,4,1,0
S10,9,0.55,5,1.02,13,6,6,1.45,N97,6,1,1,1,1,0,0
S10,10,0.38,5,0.95,14,1,5,0.22,E31,1,0,1,5,6,0,0
S10,11,0.32,5,0.62,16,5,5,0.65,N61,5,1,1,5,5,1,1
S10,12,0.45,5,0.72,17,3,4,0.8,E30,3,0,1,5,3,0,1
S10,13,0.62,2,1.55,19,3,3,0.5,HT41,3,1,1,3,6,1,0
S10,14,0.48,3,0.78,20,3,1,0.33,N69,3,0,1,1,1,0,0
S10,15,0.38,2,0.67,20,4,2,0.45,N14,5,0,0,2,4,0,0
S10,16,0.35,2,1,22,2,2,0.45,N51,2,1,1,2,2,1,1
S10,17,0.12,5,0.47,23,5,4,0.3,HT66,5,0,1,1,5,0,1
S10,18,0.48,3,0.5,25,5,5,0.05,HT101,5,1,1,5,2,1,0
S10,19,0.35,2,0.6,25,4,4,0.48,N71,3,0,0,1,1,0,0
S10,20,0.38,2,0.62,25,4,1,1.25,N16,5,0,0,1,4,0,0
S10,21,0.17,2,0.82,25,5,5,1.02,N48,1,0,0,1,1,1,1
S10,22,0.33,5,0.63,27,2,2,0.38,N15,2,1,1,5,2,0,1
S10,23,0.33,5,0.73,29,4,4,0.4,HT106A-Frog-4727.jpg,4,1,1,4,3,1,0
S10,24,0.43,2,0.7,29,3,5,0.83,N114,1,0,0,3,3,0,0
S10,25,0.25,2,1.07,29,1,6,0.13,N83,2,0,0,6,1,0,0
S10,26,0.35,4,0.48,31,4,4,0.65,N102,4,1,1,4,4,1,1
S10,27,0.32,5,0.47,32,5,4,0.35,HT73A-SeaHorse-959.jpg,5,0,1,1,5,0,1
S10,28,0.42,4,0.48,34,2,2,0.42,N154A-Fish-859.jpg,2,1,1,2,3,1,0
S10,29,0.32,3,0.55,34,2,2,0.58,N74,5,0,0,2,2,0,0
S10,30,0.42,2,0.52,36,4,4,0.4,H26A - Seahorn.jpg,4,1,1,1,2,0,0
S10,31,0.32,5,1.38,38,4,4,0.43,E36A - lizard.jpg,4,1,1,4,4,1,1
S10,32,0.55,3,1.17,39,2,4,0.43,N152A-Fish-801.jpg,2,0,1,4,2,0,1
S10,33,0.37,3,0.77,39,4,4,0.87,HT67A-OrpionFish-932.jpg,1,0,0,1,5,1,0
S10,34,0.3,5,0.62,41,2,2,0.35,N77,2,1,1,1,1,0,0
S10,35,0.52,2,0.63,41,6,3,0.57,HT80A-Spider-2560.jpg,2,0,0,5,6,0,0
S10,36,0.92,4,1.4,43,5,5,0.42,40A - Tutle.jpg,5,1,1,5,5,1,1
S10,37,1.73,3,1.48,44,2,5,0.43,55A - Fog.jpg,2,0,1,6,2,0,1
S10,38,0.35,5,0.6,46,2,2,0.38,49A - Insect.jpg,2,1,1,2,6,1,0
S10,39,0.48,5,1.6,48,2,2,0.53,N213A-Lizard-2136.jpg,2,1,1,4,4,0,0
S10,40,0.5,5,1.2,49,1,2,0.42,HT84A-Spider-2766.jpg,1,0,1,3,4,0,0
S11,1,0.32,5,0.38,2,1,1,0.37,M34,1,1,1,1,1,1,1
S11,2,0.3,5,0.4,3,1,3,0.32,M33,1,0,1,3,1,0,1
S11,3,0.32,5,0.32,5,4,4,0.37,HT24,4,1,1,4,6,1,0
S11,4,0.4,3,1.03,5,6,4,1.63,N58,5,0,0,6,6,0,0
S11,5,0.3,5,0.4,7,5,5,0.37,E13,5,1,1,6,1,0,0
S11,6,0.28,5,0.33,9,1,1,0.33,HT26,1,1,1,1,1,1,1
S11,7,0.27,5,0.37,10,5,1,0.72,HT22,5,0,1,2,5,0,1
S11,8,0.23,5,0.4,12,2,2,0.32,E15,2,1,1,2,4,1,0
S11,9,0.3,5,0.42,12,6,6,0.37,N97,6,1,1,1,1,0,0
S11,10,0.3,3,0.3,12,5,5,0.08,E31,1,0,0,5,6,0,0
S11,11,0.3,5,0.27,14,5,5,0.25,N61,5,1,1,5,5,1,1
S11,12,0.27,5,0.33,15,3,5,0.18,E30,3,0,1,5,3,0,1
S11,13,0.25,5,0.3,17,3,3,0.27,HT41,3,1,1,3,6,1,0
S11,14,0.32,5,0.23,17,1,1,0.27,N69,3,0,0,1,1,0,0
S11,15,0.3,5,0.45,18,5,2,0.3,N14,5,0,1,2,4,0,0
S11,16,0.05,5,0.35,20,2,2,0.28,N51,2,1,1,2,2,1,1
S11,17,0.33,5,0.32,21,4,5,0.28,HT66,5,1,0,1,5,0,1
S11,18,0.32,4,0.4,23,5,5,0.35,HT101,5,1,1,5,2,1,0
S11,19,0.32,3,0.37,23,1,1,0.22,N71,3,0,0,1,1,0,0
S11,20,0.3,4,0.35,25,5,5,0.28,N16,5,1,1,1,4,0,0
S11,21,0.28,3,0.32,27,1,1,0.23,N48,1,1,1,1,1,1,1
S11,22,0.25,5,0.35,29,2,2,0.32,N15,2,1,1,5,2,0,1
S11,23,0.38,5,0.33,31,4,4,0.38,HT106A-Frog-4727.jpg,4,1,1,4,3,1,0
S11,24,0.22,5,0.27,33,1,1,0.33,N114,1,1,1,3,3,0,0
S11,25,0.3,3,0.4,34,2,6,0.15,N83,2,0,1,6,1,0,0
S11,26,0.32,5,0.45,36,4,4,0.32,N102,4,1,1,4,4,1,1
S11,27,0.23,5,0.28,38,5,5,0.23,HT73A-SeaHorse-959.jpg,5,1,1,1,5,0,1
S11,28,0.3,5,0.37,40,2,2,0.37,N154A-Fish-859.jpg,2,1,1,2,3,1,0
S11,29,0.3,5,0.55,41,5,2,0.18,N74,5,0,1,2,2,0,0
S11,30,0.58,2,0.33,43,4,4,0.33,H26A - Seahorn.jpg,4,1,1,1,2,0,0
S11,31,0.38,5,0.35,45,4,4,0.33,E36A - lizard.jpg,4,1,1,4,4,1,1
S11,32,0.4,2,0.27,45,4,4,0.28,N152A-Fish-801.jpg,2,0,0,4,2,0,1
S11,33,0.3,5,0.45,47,1,1,0.28,HT67A-OrpionFish-932.jpg,1,1,1,1,5,1,0
S11,34,0.28,5,0.42,49,2,2,0.23,N77,2,1,1,1,1,0,0
S11,35,0.28,3,0.3,51,2,2,0.32,HT80A-Spider-2560.jpg,2,1,1,5,6,0,0
S11,36,0.27,5,0.37,53,5,5,0.25,40A - Tutle.jpg,5,1,1,5,5,1,1
S11,37,0.35,5,0.3,55,2,2,0.2,55A - Fog.jpg,2,1,1,6,2,0,1
S11,38,0.22,3,0.33,57,2,2,0.58,49A - Insect.jpg,2,1,1,2,6,1,0
S11,39,0.13,5,0.33,59,2,2,0.22,N213A-Lizard-2136.jpg,2,1,1,4,4,0,0
S11,40,0.37,3,0.35,60,1,3,0.22,HT84A-Spider-2766.jpg,1,0,1,3,4,0,0
S12,1,0.38,5,0.53,2,1,1,0.37,M34,1,1,1,1,1,1,1
S12,2,0.38,5,0.53,4,1,1,0.5,M33,1,1,1,3,1,0,1
S12,3,0.45,5,0.4,6,4,4,0.4,HT24,4,1,1,4,6,1,0
S12,4,0.62,0,1.3,8,5,5,1.88,N58,5,1,1,6,6,0,0
S12,5,0.43,1,1.25,10,5,5,0.5,E13,5,1,1,6,1,0,0
S12,7,0.83,1,0.67,12,5,2,1,HT22,5,0,1,2,5,0,1
S12,8,0.7,5,0.5,14,2,2,0.32,E15,2,1,1,2,4,1,0
S12,9,0.37,1,0.47,14,6,3,1.35,N97,6,0,1,1,1,0,0
S12,10,0.38,5,1.48,16,1,1,0.4,E31,1,1,1,5,6,0,0
S12,11,0.32,5,0.83,18,5,5,0.45,N61,5,1,1,5,5,1,1
S12,12,0.38,5,0.5,20,3,3,0.47,E30,3,1,1,5,3,0,1
S12,13,0.32,4,1.17,22,3,3,0.37,HT41,3,1,1,3,6,1,0
S12,14,0.4,3,1.18,23,3,1,0.95,N69,3,0,1,1,1,0,0
S12,15,0.35,2,1.75,23,2,2,0.4,N14,5,0,0,2,4,0,0
S12,16,0.37,5,0.78,25,2,2,0.87,N51,2,1,1,2,2,1,1
S12,18,1.22,0,1.32,26,2,5,1.2,HT101,5,1,0,5,2,1,0
S12,19,0.63,0,1.18,26,2,2,1.72,N71,3,0,0,1,1,0,0
S12,21,0.48,0,1.23,26,2,2,0.57,N48,1,0,0,1,1,1,1
S12,22,0.42,1,1.45,27,2,5,0.55,N15,2,0,1,5,2,0,1
S12,23,0.47,2,1.23,29,4,4,0.43,HT106A-Frog-4727.jpg,4,1,1,4,3,1,0
S12,24,0.55,1,1.18,31,1,1,0.63,N114,1,1,1,3,3,0,0
S12,25,0.47,0,1.27,31,1,4,1.23,N83,2,0,0,6,1,0,0
S12,26,0.95,2,1.73,33,4,4,1.02,N102,4,1,1,4,4,1,1
S12,27,1.55,1,1.17,35,5,5,0.72,HT73A-SeaHorse-959.jpg,5,1,1,1,5,0,1
S12,28,0.6,2,1.02,37,2,2,0.85,N154A-Fish-859.jpg,2,1,1,2,3,1,0
S12,30,1.42,2,1.35,40,4,4,1.35,H26A - Seahorn.jpg,4,1,1,1,2,0,0
S12,31,0.43,4,1.27,42,4,4,0.43,E36A - lizard.jpg,4,1,1,4,4,1,1
S12,32,1.4,1,1.25,42,4,3,1.22,N152A-Fish-801.jpg,2,0,0,4,2,0,1
S12,34,0.37,2,1.03,43,2,6,0.73,N77,2,0,1,1,1,0,0
S12,35,0.37,4,1.22,43,6,3,1.12,HT80A-Spider-2560.jpg,2,0,0,5,6,0,0
S12,36,0.85,2,1.33,45,5,5,0.8,40A - Tutle.jpg,5,1,1,5,5,1,1
S12,37,0.78,4,1.17,47,2,2,0.87,55A - Fog.jpg,2,1,1,6,2,0,1
S12,38,1.08,0,0,48,6,2,0.9,49A - Insect.jpg,2,1,0,2,6,1,0
S12,39,0.4,5,0.4,49,2,3,1.35,N213A-Lizard-2136.jpg,2,0,1,4,4,0,0
S12,40,0.32,5,0.33,51,1,1,0.38,HT84A-Spider-2766.jpg,1,1,1,3,4,0,0
S13,1,1.02,5,0.87,2,1,1,0.5,M34,1,1,1,1,1,1,1
S13,2,0.82,2,1.02,2,3,3,1.5,M33,1,0,0,3,1,0,1
S13,3,0.6,3,1.08,4,4,4,0.83,HT24,4,1,1,4,6,1,0
S13,4,1.17,1,0.23,4,6,6,0.87,N58,5,0,0,6,6,0,0
S13,5,0.22,3,0.28,6,5,5,0.4,E13,5,1,1,6,1,0,0
S13,6,0.12,4,0.3,8,1,1,0.83,HT26,1,1,1,1,1,1,1
S13,7,0.27,5,0.57,10,5,5,0.4,HT22,5,1,1,2,5,0,1
S13,8,0.33,5,0.25,12,2,2,0.43,E15,2,1,1,2,4,1,0
S13,9,0.93,2,0.45,12,3,2,1.68,N97,6,0,0,1,1,0,0
S13,10,0.17,4,0.68,13,1,5,0.52,E31,1,0,1,5,6,0,0
S13,11,0.28,4,1.03,15,5,5,0.28,N61,5,1,1,5,5,1,1
S13,12,0.5,5,0.27,16,3,5,0.27,E30,3,0,1,5,3,0,1
S13,13,0.48,3,0.27,18,3,3,0.25,HT41,3,1,1,3,6,1,0
S13,14,0.27,3,0.9,18,1,1,0.1,N69,3,0,0,1,1,0,0
S13,15,0.52,1,0.7,18,4,2,0.73,N14,5,0,0,2,4,0,0
S13,16,0.3,5,0.45,20,2,2,0.3,N51,2,1,1,2,2,1,1
S13,17,0.38,2,0.57,21,5,4,1.18,HT66,5,0,1,1,5,0,1
S13,18,0.17,3,0.28,23,5,5,1.13,HT101,5,1,1,5,2,1,0
S13,19,0.33,3,0.25,24,3,1,0.12,N71,3,0,1,1,1,0,0
S13,20,0.18,3,0.42,25,5,1,0.65,N16,5,0,1,1,4,0,0
S13,21,0.32,1,0.32,27,1,1,0.63,N48,1,1,1,1,1,1,1
S13,22,0.13,4,0.53,29,2,2,0.25,N15,2,1,1,5,2,0,1
S13,23,0.27,4,1.33,31,4,4,0.3,HT106A-Frog-4727.jpg,4,1,1,4,3,1,0
S13,24,1.02,3,1.35,33,1,1,0.98,N114,1,1,1,3,3,0,0
S13,25,0.18,2,0.43,34,2,6,0.73,N83,2,0,1,6,1,0,0
S13,26,0.62,5,0.57,36,4,4,0.3,N102,4,1,1,4,4,1,1
S13,27,0.18,4,1,37,5,1,0.25,HT73A-SeaHorse-959.jpg,5,0,1,1,5,0,1
S13,28,0.35,3,1.13,39,2,2,0.3,N154A-Fish-859.jpg,2,1,1,2,3,1,0
S13,29,0.33,2,0.53,41,5,5,0.23,N74,5,1,1,2,2,0,0
S13,30,0.43,2,0.55,43,4,4,0.6,H26A - Seahorn.jpg,4,1,1,1,2,0,0
S13,31,0.5,3,1.28,45,4,4,0.4,E36A - lizard.jpg,4,1,1,4,4,1,1
S13,32,1.13,1,0.33,45,4,4,0.25,N152A-Fish-801.jpg,2,0,0,4,2,0,1
S13,33,0.32,3,0.27,47,1,1,0.23,HT67A-OrpionFish-932.jpg,1,1,1,1,5,1,0
S13,34,0.13,2,0.35,49,2,2,1.27,N77,2,1,1,1,1,0,0
S13,35,0.27,2,0.32,49,5,5,0.85,HT80A-Spider-2560.jpg,2,0,0,5,6,0,0
S13,36,0.02,4,0.35,51,5,5,0.33,40A - Tutle.jpg,5,1,1,5,5,1,1
S13,37,0.32,4,0.38,52,2,6,0.35,55A - Fog.jpg,2,0,1,6,2,0,1
S13,38,0.17,2,0.3,54,2,2,0.93,49A - Insect.jpg,2,1,1,2,6,1,0
S13,39,0.25,5,0.28,56,2,2,0.18,N213A-Lizard-2136.jpg,2,1,1,4,4,0,0
S13,40,0.35,3,0.3,58,1,1,1.15,HT84A-Spider-2766.jpg,1,1,1,3,4,0,0
S14,1,0.26,5,0.68,2,1,1,0.36,M34,1,1,1,1,1,1,1
S14,2,0.7,5,0.61,3,1,3,0.86,M33,1,0,1,3,1,0,1
S14,3,0.23,5,0.48,5,4,4,0.34,HT24,4,1,1,4,6,1,0
S14,4,1.4,0,0.47,5,6,2,0.9,N58,5,0,0,6,6,0,0
S14,5,0.25,5,0.26,7,5,5,0.33,E13,5,1,1,6,1,0,0
S14,6,0.39,5,0.5,9,1,1,0.24,HT26,1,1,1,1,1,1,1
S14,7,0.24,5,0.43,11,5,5,0.44,HT22,5,1,1,2,5,0,1
S14,8,0.06,5,0.38,13,2,2,0.6,E15,2,1,1,2,4,1,0
S14,9,0.27,0,1.33,13,3,3,0.71,N97,6,0,0,1,1,0,0
S14,10,0.53,3,0.68,14,1,5,1.32,E31,1,0,1,5,6,0,0
S14,11,0.28,5,0.43,16,5,5,0.27,N61,5,1,1,5,5,1,1
S14,12,0.83,4,1.47,17,3,5,0.24,E30,3,0,1,5,3,0,1
S14,13,0.26,3,0.43,19,3,3,0.36,HT41,3,1,1,3,6,1,0
S14,14,0.82,3,0.91,20,3,1,0.58,N69,3,0,1,1,1,0,0
S14,15,1.94,0,0.73,20,2,3,1.45,N14,5,0,0,2,4,0,0
S14,16,0.32,5,0.49,22,2,2,0.3,N51,2,1,1,2,2,1,1
S14,17,0.23,4,0.88,24,5,5,0.2,HT66,5,1,1,1,5,0,1
S14,18,1.17,0,0.33,24,2,2,1.19,HT101,5,0,0,5,2,1,0
S14,19,0.27,2,0.99,24,1,1,0.62,N71,3,0,0,1,1,0,0
S14,20,0.31,1,0.56,24,6,6,1,N16,5,0,0,1,4,0,0
S14,21,0.21,5,0.28,24,6,6,0.83,N48,1,0,0,1,1,1,1
S14,22,1.35,5,0.46,26,2,2,0.5,N15,2,1,1,5,2,0,1
S14,23,1,5,0.33,28,4,4,0.3,HT106A-Frog-4727.jpg,4,1,1,4,3,1,0
S14,24,0.25,5,0.51,30,1,1,0.38,N114,1,1,1,3,3,0,0
S14,25,0.3,0,0.36,32,2,2,0.73,N83,2,1,1,6,1,0,0
S14,26,0.34,5,0.89,34,4,4,0.78,N102,4,1,1,4,4,1,1
S14,27,0.25,5,0.47,36,5,5,0.54,HT73A-SeaHorse-959.jpg,5,1,1,1,5,0,1
S14,28,0.31,5,0.91,38,2,2,0.35,N154A-Fish-859.jpg,2,1,1,2,3,1,0
S14,29,0.33,5,0.37,40,5,5,0.2,N74,5,1,1,2,2,0,0
S14,30,0.33,5,0.5,42,4,4,0.29,H26A - Seahorn.jpg,4,1,1,1,2,0,0
S14,31,0.49,5,0.47,44,4,4,0.41,E36A - lizard.jpg,4,1,1,4,4,1,1
S14,32,0.99,1,0.33,44,4,4,0.5,N152A-Fish-801.jpg,2,0,0,4,2,0,1
S14,33,0.49,5,0.36,46,1,1,0.4,HT67A-OrpionFish-932.jpg,1,1,1,1,5,1,0
S14,34,0.36,5,0.59,48,2,2,0.83,N77,2,1,1,1,1,0,0
S14,35,0.36,1,1.22,48,6,3,1.05,HT80A-Spider-2560.jpg,2,0,0,5,6,0,0
S14,36,0.33,0,1.4,49,5,2,1.15,40A - Tutle.jpg,5,0,1,5,5,1,1
S14,37,0.48,4,0.58,50,2,6,0.92,55A - Fog.jpg,2,0,1,6,2,0,1
S14,38,0.25,5,0.45,52,2,2,0.53,49A - Insect.jpg,2,1,1,2,6,1,0
S14,39,0.32,5,0.3,54,2,2,1.19,N213A-Lizard-2136.jpg,2,1,1,4,4,0,0
S14,40,0.27,4,1.13,55,1,3,0.5,HT84A-Spider-2766.jpg,1,0,1,3,4,0,0
S15,1,0.55,5,1.15,2,1,1,0.87,M34,1,1,1,1,1,1,1
S15,2,0.7,5,0.72,3,1,4,1.08,M33,1,0,1,3,1,0,1
S15,3,0.43,5,1,5,4,4,1.1,HT24,4,1,1,4,6,1,0
S15,4,0.7,5,0.58,7,5,5,1.63,N58,5,1,1,6,6,0,0
S15,5,0.32,5,0.93,9,5,5,0.4,E13,5,1,1,6,1,0,0
S15,6,0.5,5,0.58,11,1,1,0.88,HT26,1,1,1,1,1,1,1
S15,7,0.35,5,1.03,13,5,5,0.65,HT22,5,1,1,2,5,0,1
S15,8,0.38,5,0.43,15,2,2,0.9,E15,2,1,1,2,4,1,0
S15,9,0.75,5,0.85,15,6,6,0.88,N97,6,1,1,1,1,0,0
S15,10,0.5,5,1.03,17,1,1,0.5,E31,1,1,1,5,6,0,0
S15,11,0.3,5,0.53,19,5,5,0.72,N61,5,1,1,5,5,1,1
S15,12,0.37,5,0.9,21,3,3,1.22,E30,3,1,1,5,3,0,1
S15,13,0.57,5,0.9,23,3,3,1.12,HT41,3,1,1,3,6,1,0
S15,14,0.48,5,0.98,25,3,3,1.05,N69,3,1,1,1,1,0,0
S15,15,0.15,4,0.47,26,3,5,1.67,N14,5,1,0,2,4,0,0
S15,16,0.37,5,0.93,28,2,2,0.85,N51,2,1,1,2,2,1,1
S15,18,0.32,2,1.02,29,3,3,1.8,HT101,5,0,0,5,2,1,0
S15,19,0.33,5,0.22,31,3,3,0.45,N71,3,1,1,1,1,0,0
S15,20,0.35,5,0.48,31,6,6,1.13,N16,5,0,0,1,4,0,0
S15,22,0.5,5,0.37,33,2,2,0.97,N15,2,1,1,5,2,0,1
S15,23,0.42,5,0.55,35,4,4,0.95,HT106A-Frog-4727.jpg,4,1,1,4,3,1,0
S15,24,0.37,5,0.33,37,1,1,0.73,N114,1,1,1,3,3,0,0
S15,25,0.25,2,0.65,37,3,3,0.93,N83,2,0,0,6,1,0,0
S15,26,0.45,5,0.42,39,4,4,1.47,N102,4,1,1,4,4,1,1
S15,27,0.48,5,1.23,41,5,5,0.88,HT73A-SeaHorse-959.jpg,5,1,1,1,5,0,1
S15,28,0.42,5,1.45,43,2,2,0.72,N154A-Fish-859.jpg,2,1,1,2,3,1,0
S15,29,0.37,5,0.38,45,5,5,0.47,N74,5,1,1,2,2,0,0
S15,30,0.1,5,0.48,47,4,4,1.07,H26A - Seahorn.jpg,4,1,1,1,2,0,0
S15,31,0.35,5,1.03,49,4,4,1.23,E36A - lizard.jpg,4,1,1,4,4,1,1
S15,32,0.68,5,1.02,49,3,3,0.75,N152A-Fish-801.jpg,2,0,0,4,2,0,1
S15,33,0.3,5,0.92,51,1,1,0.9,HT67A-OrpionFish-932.jpg,1,1,1,1,5,1,0
S15,34,0.4,5,1.05,53,2,2,0.62,N77,2,1,1,1,1,0,0
S15,35,0.5,5,0.45,53,6,4,0.68,HT80A-Spider-2560.jpg,2,0,0,5,6,0,0
S15,36,0.32,5,0.88,55,5,5,0.77,40A - Tutle.jpg,5,1,1,5,5,1,1
S15,37,0.5,5,0.4,57,2,2,1.07,55A - Fog.jpg,2,1,1,6,2,0,1
S15,38,0.48,5,0.6,59,2,2,0.35,49A - Insect.jpg,2,1,1,2,6,1,0
S15,39,0.57,5,0.95,59,5,6,0.6,N213A-Lizard-2136.jpg,2,0,0,4,4,0,0
S15,40,0.47,5,1.02,61,1,1,0.85,HT84A-Spider-2766.jpg,1,1,1,3,4,0,0
S16,1,0.58,3,0.62,2,1,1,1.03,M34,1,1,1,1,1,1,1
S16,2,1.25,4,0.63,4,1,1,0.6,M33,1,1,1,3,1,0,1
S16,3,0.88,4,1.05,6,4,4,0.72,HT24,4,1,1,4,6,1,0
S16,4,0.95,3,1.45,6,4,4,1.4,N58,5,0,0,6,6,0,0
S16,6,0.52,4,0.83,8,1,1,1.55,HT26,1,1,1,1,1,1,1
S16,7,0.1,4,0.87,9,5,4,0.5,HT22,5,0,1,2,5,0,1
S16,8,0.45,4,1.05,11,2,2,0.78,E15,2,1,1,2,4,1,0
S16,9,0.67,4,0.98,11,6,6,1.47,N97,6,1,1,1,1,0,0
S16,10,0.55,4,0.9,12,1,5,1.03,E31,1,0,1,5,6,0,0
S16,11,0.57,4,0.93,14,5,5,1.02,N61,5,1,1,5,5,1,1
S16,12,0.48,4,0.88,15,3,5,0.77,E30,3,0,1,5,3,0,1
S16,13,0.62,4,0.98,17,3,3,0.63,HT41,3,1,1,3,6,1,0
S16,14,0.48,0,0,17,1,1,1.28,N69,3,0,0,1,1,0,0
S16,15,0.87,4,0.9,18,5,6,1.37,N14,5,0,1,2,4,0,0
S16,16,0.43,4,1.12,20,2,2,0.48,N51,2,1,1,2,2,1,1
S16,17,0.85,3,0.65,22,5,5,0.78,HT66,5,1,1,1,5,0,1
S16,18,1.83,3,0.83,22,2,3,0.75,HT101,5,0,0,5,2,1,0
S16,19,0.48,4,0.98,23,3,1,0.82,N71,3,0,1,1,1,0,0
S16,20,0.47,4,1.48,25,5,5,0.73,N16,5,1,1,1,4,0,0
S16,22,0.58,3,0.88,27,2,2,0.8,N15,2,1,1,5,2,0,1
S16,23,0.9,3,0.72,29,4,4,0.47,HT106A-Frog-4727.jpg,4,1,1,4,3,1,0
S16,24,0.35,4,0.95,31,1,1,0.6,N114,1,1,1,3,3,0,0
S16,25,0.43,3,1,33,2,2,0.55,N83,2,1,1,6,1,0,0
S16,26,0.43,4,0.9,35,4,4,0.6,N102,4,1,1,4,4,1,1
S16,27,0.57,3,0.97,37,5,5,0.93,HT73A-SeaHorse-959.jpg,5,1,1,1,5,0,1
S16,28,0.32,4,0.83,39,2,2,0.53,N154A-Fish-859.jpg,2,1,1,2,3,1,0
S16,29,0.43,4,0.72,41,5,5,0.53,N74,5,1,1,2,2,0,0
S16,30,0.37,3,1.13,43,4,4,0.43,H26A - Seahorn.jpg,4,1,1,1,2,0,0
S16,31,0.52,3,0.82,45,4,4,0.4,E36A - lizard.jpg,4,1,1,4,4,1,1
S16,32,0.45,3,1.3,45,3,3,0.62,N152A-Fish-801.jpg,2,0,0,4,2,0,1
S16,33,0.38,3,0.93,46,1,4,0.5,HT67A-OrpionFish-932.jpg,1,0,1,1,5,1,0
S16,34,0.4,3,0.92,47,2,6,0.68,N77,2,0,1,1,1,0,0
S16,35,0.32,3,1.23,47,6,1,0.5,HT80A-Spider-2560.jpg,2,0,0,5,6,0,0
S16,36,0.62,4,1.03,49,5,5,0.4,40A - Tutle.jpg,5,1,1,5,5,1,1
S16,37,0.77,3,0.65,49,5,6,0.93,55A - Fog.jpg,2,0,0,6,2,0,1
S16,38,0.73,3,0.85,50,2,6,0.7,49A - Insect.jpg,2,0,1,2,6,1,0
S16,39,0.77,4,1.27,52,2,2,0.9,N213A-Lizard-2136.jpg,2,1,1,4,4,0,0
S16,40,0.57,4,1.15,54,1,1,0.45,HT84A-Spider-2766.jpg,1,1,1,3,4,0,0
S17,1,0.36,5,0.63,2,1,1,0.31,M34,1,1,1,1,1,1,1
S17,2,0.51,1,1.23,3,5,1,0.53,M33,1,1,0,3,1,0,1
S17,3,0.35,5,0.55,5,4,4,0.41,HT24,4,1,1,4,6,1,0
S17,4,0.28,5,0.69,5,6,6,0.32,N58,5,0,0,6,6,0,0
S17,5,0.25,5,0.34,7,5,5,0.37,E13,5,1,1,6,1,0,0
S17,6,0.33,5,0.42,9,1,1,0.4,HT26,1,1,1,1,1,1,1
S17,7,0.99,4,1.65,9,1,4,0.57,HT22,5,0,0,2,5,0,1
S17,8,0.33,5,0.38,11,2,2,0.35,E15,2,1,1,2,4,1,0
S17,9,0.29,5,0.28,11,6,6,0.29,N97,6,1,1,1,1,0,0
S17,10,0.27,5,0.4,11,5,5,0.25,E31,1,0,0,5,6,0,0
S17,11,0.43,2,0.44,11,2,2,0.79,N61,5,0,0,5,5,1,1
S17,12,0.54,4,1.41,12,3,1,0.76,E30,3,0,1,5,3,0,1
S17,13,0.58,5,0.41,14,3,3,0.39,HT41,3,1,1,3,6,1,0
S17,14,0.35,5,0.5,15,3,2,1.62,N69,3,0,1,1,1,0,0
S17,15,0.31,5,0.79,15,4,4,0.54,N14,5,0,0,2,4,0,0
S17,16,0.28,4,1.04,15,6,6,0.29,N51,2,0,0,2,2,1,1
S17,17,0.29,5,0.31,17,5,5,0.29,HT66,5,1,1,1,5,0,1
S17,18,0.26,5,0.23,19,5,5,0.78,HT101,5,1,1,5,2,1,0
S17,19,1.04,5,0.45,20,1,3,0.39,N71,3,1,0,1,1,0,0
S17,20,0.25,5,1.18,20,2,2,0.32,N16,5,0,0,1,4,0,0
S17,21,0.28,2,1.57,20,2,2,0.66,N48,1,0,0,1,1,1,1
S17,22,0.36,3,0.4,20,1,1,0.31,N15,2,0,0,5,2,0,1
S17,23,0.29,5,0.27,22,4,4,0.32,HT106A-Frog-4727.jpg,4,1,1,4,3,1,0
S17,24,0.28,4,0.32,24,1,1,0.5,N114,1,1,1,3,3,0,0
S17,25,0.48,5,0.46,25,3,2,0.89,N83,2,1,0,6,1,0,0
S17,26,0.32,5,0.37,27,4,4,0.48,N102,4,1,1,4,4,1,1
S17,27,0.36,5,0.6,29,5,5,0.25,HT73A-SeaHorse-959.jpg,5,1,1,1,5,0,1
S17,28,0.3,5,0.51,31,2,2,0.29,N154A-Fish-859.jpg,2,1,1,2,3,1,0
S17,29,0.29,5,0.31,33,5,5,0.3,N74,5,1,1,2,2,0,0
S17,30,0.3,5,1.09,35,4,4,0.35,H26A - Seahorn.jpg,4,1,1,1,2,0,0
S17,31,0.33,5,0.42,37,4,4,0.37,E36A - lizard.jpg,4,1,1,4,4,1,1
S17,32,0.42,5,0.38,38,3,2,0.72,N152A-Fish-801.jpg,2,1,0,4,2,0,1
S17,33,0.34,5,0.38,40,1,1,0.28,HT67A-OrpionFish-932.jpg,1,1,1,1,5,1,0
S17,34,0.41,5,0.32,42,2,2,0.34,N77,2,1,1,1,1,0,0
S17,35,0.32,5,0.4,42,1,1,0.42,HT80A-Spider-2560.jpg,2,0,0,5,6,0,0
S17,36,0.3,5,0.53,44,5,5,0.29,40A - Tutle.jpg,5,1,1,5,5,1,1
S17,37,0.33,5,0.47,44,5,6,0.5,55A - Fog.jpg,2,0,0,6,2,0,1
S17,38,0.29,5,0.23,46,2,2,0.33,49A - Insect.jpg,2,1,1,2,6,1,0
S17,39,0.49,3,0.8,47,2,3,0.25,N213A-Lizard-2136.jpg,2,0,1,4,4,0,0
S17,40,0.27,5,0.32,49,1,1,0.28,HT84A-Spider-2766.jpg,1,1,1,3,4,0,0
S18,1,0.6,5,1.08,2,1,1,0.92,M34,1,1,1,1,1,1,1
S18,2,0.4,4,0.68,3,1,4,1.77,M33,1,0,1,3,1,0,1
S18,3,0.43,5,0.83,5,4,4,0.53,HT24,4,1,1,4,6,1,0
S18,4,0.4,3,1.4,7,5,5,0.98,N58,5,1,1,6,6,0,0
S18,6,0.48,5,0.7,9,1,1,0.87,HT26,1,1,1,1,1,1,1
S18,7,0.33,5,0.62,11,5,5,0.58,HT22,5,1,1,2,5,0,1
S18,8,0.4,5,0.72,13,2,2,0.53,E15,2,1,1,2,4,1,0
S18,9,0.4,5,0.57,13,6,6,1.3,N97,6,1,1,1,1,0,0
S18,10,1.05,4,0.43,14,1,5,0.58,E31,1,0,1,5,6,0,0
S18,11,0.62,5,0.67,16,5,5,0.57,N61,5,1,1,5,5,1,1
S18,12,0.42,5,0.97,17,3,5,0.75,E30,3,0,1,5,3,0,1
S18,13,0.42,4,0.52,19,3,3,0.77,HT41,3,1,1,3,6,1,0
S18,14,0.37,4,0.82,20,3,1,1,N69,3,0,1,1,1,0,0
S18,15,0.43,4,1.07,20,2,2,1.33,N14,5,0,0,2,4,0,0
S18,16,1.27,5,1.15,22,2,2,0.37,N51,2,1,1,2,2,1,1
S18,17,0.9,3,1.98,24,5,5,1.83,HT66,5,1,1,1,5,0,1
S18,18,0.82,3,1.37,24,2,3,1.6,HT101,5,0,0,5,2,1,0
S18,19,0.63,0,0,24,1,1,1.47,N71,3,0,0,1,1,0,0
S18,20,0.47,3,1.58,24,1,1,1.25,N16,5,0,0,1,4,0,0
S18,21,0.37,0,0,26,1,1,1.1,N48,1,1,1,1,1,1,1
S18,22,0.4,4,1.42,28,2,2,0.92,N15,2,1,1,5,2,0,1
S18,23,0.37,5,1.33,30,4,4,0.48,HT106A-Frog-4727.jpg,4,1,1,4,3,1,0
S18,24,0.37,5,0.45,32,1,1,0.37,N114,1,1,1,3,3,0,0
S18,25,0.45,2,1.43,32,5,5,1.33,N83,2,0,0,6,1,0,0
S18,26,0.42,5,0.5,34,4,4,1.2,N102,4,1,1,4,4,1,1
S18,27,0.43,4,0.55,36,5,5,0.4,HT73A-SeaHorse-959.jpg,5,1,1,1,5,0,1
S18,28,0.52,5,0.67,38,2,2,0.83,N154A-Fish-859.jpg,2,1,1,2,3,1,0
S18,29,0.42,5,0.52,39,5,2,1.02,N74,5,0,1,2,2,0,0
S18,30,0.3,5,0.65,41,4,4,0.42,H26A - Seahorn.jpg,4,1,1,1,2,0,0
S18,31,0.35,5,1.03,42,4,5,1.27,E36A - lizard.jpg,4,0,1,4,4,1,1
S18,32,0.5,3,0.98,42,4,4,0.58,N152A-Fish-801.jpg,2,0,0,4,2,0,1
S18,33,0.37,4,0.52,44,1,1,1.92,HT67A-OrpionFish-932.jpg,1,1,1,1,5,1,0
S18,37,0.3,5,0.43,47,2,5,0.65,55A - Fog.jpg,2,0,1,6,2,0,1
S18,38,0.33,5,0.75,49,2,2,0.72,49A - Insect.jpg,2,1,1,2,6,1,0
S18,39,0.33,5,0.68,51,2,2,0.77,N213A-Lizard-2136.jpg,2,1,1,4,4,0,0
S18,40,0.37,5,0.57,53,1,1,0.48,HT84A-Spider-2766.jpg,1,1,1,3,4,0,0
S19,1,0.52,5,0.9,2,1,1,0.9,M34,1,1,1,1,1,1,1
S19,2,0.63,5,1.55,2,4,4,1.17,M33,1,0,0,3,1,0,1
S19,3,0.42,5,0.77,4,4,4,0.52,HT24,4,1,1,4,6,1,0
S19,4,0.35,0,1.72,4,2,2,1.23,N58,5,0,0,6,6,0,0
S19,5,0.65,5,1,4,1,1,1.57,E13,5,0,0,6,1,0,0
S19,6,0.5,5,1.07,6,1,1,0.43,HT26,1,1,1,1,1,1,1
S19,7,0.35,5,1,8,5,5,1.12,HT22,5,1,1,2,5,0,1
S19,8,0.35,5,1,10,2,2,0.43,E15,2,1,1,2,4,1,0
S19,9,0.5,0,0,10,6,2,1.02,N97,6,0,1,1,1,0,0
S19,10,0.45,5,0.92,12,1,1,0.72,E31,1,1,1,5,6,0,0
S19,11,0.62,5,1.27,14,5,5,0.5,N61,5,1,1,5,5,1,1
S19,12,0.47,5,1,15,3,5,0.62,E30,3,0,1,5,3,0,1
S19,13,0.38,5,0.93,17,3,3,0.65,HT41,3,1,1,3,6,1,0
S19,14,0.85,5,1.07,17,1,1,0.98,N69,3,0,0,1,1,0,0
S19,15,0.35,0,1.48,19,5,5,0.95,N14,5,1,1,2,4,0,0
S19,16,0.38,5,0.95,21,2,2,0.63,N51,2,1,1,2,2,1,1
S19,17,0.37,5,1.25,21,4,4,1.52,HT66,5,0,0,1,5,0,1
S19,18,0.57,0,0.48,23,5,5,1.43,HT101,5,1,1,5,2,1,0
S19,19,0.6,0,0.78,23,6,6,1.23,N71,3,0,0,1,1,0,0
S19,21,0.32,4,0.58,23,2,2,0.88,N48,1,0,0,1,1,1,1
S19,22,0.48,5,1.07,25,2,2,1.32,N15,2,1,1,5,2,0,1
S19,23,1.55,5,1.08,27,4,4,0.47,HT106A-Frog-4727.jpg,4,1,1,4,3,1,0
S19,24,0.4,5,0.87,29,1,1,0.58,N114,1,1,1,3,3,0,0
S19,25,0.32,4,1.22,29,3,3,0.67,N83,2,0,0,6,1,0,0
S19,26,1.05,5,1.43,30,4,5,0.77,N102,4,0,1,4,4,1,1
S19,27,0.52,5,0.88,32,5,5,0.73,HT73A-SeaHorse-959.jpg,5,1,1,1,5,0,1
S19,28,0.8,5,0.87,34,2,2,0.72,N154A-Fish-859.jpg,2,1,1,2,3,1,0
S19,29,0.33,5,0.88,36,5,5,0.42,N74,5,1,1,2,2,0,0
S19,30,0.3,5,1.15,38,4,4,0.82,H26A - Seahorn.jpg,4,1,1,1,2,0,0
S19,31,0.82,5,0.57,40,4,4,0.4,E36A - lizard.jpg,4,1,1,4,4,1,1
S19,32,1.17,0,1.53,41,3,2,0.48,N152A-Fish-801.jpg,2,1,0,4,2,0,1
S19,33,0.43,5,1.17,43,1,1,0.48,HT67A-OrpionFish-932.jpg,1,1,1,1,5,1,0
S19,34,0.45,5,1.45,45,2,2,0.5,N77,2,1,1,1,1,0,0
S19,35,0.73,0,0.7,45,3,3,1.13,HT80A-Spider-2560.jpg,2,0,0,5,6,0,0
S19,36,0.32,5,1.07,47,5,5,0.98,40A - Tutle.jpg,5,1,1,5,5,1,1
S19,37,0.42,5,0.95,47,4,4,1.45,55A - Fog.jpg,2,0,0,6,2,0,1
S19,38,0.8,5,0.93,49,2,2,0.5,49A - Insect.jpg,2,1,1,2,6,1,0
S19,39,0.32,0,0.37,49,4,4,0.35,N213A-Lizard-2136.jpg,2,0,0,4,4,0,0
S19,40,0.4,5,0.92,51,1,1,0.33,HT84A-Spider-2766.jpg,1,1,1,3,4,0,0
S20,1,0.57,5,1.13,2,1,1,0.57,M34,1,1,1,1,1,1,1
S20,2,0.15,5,1.08,4,1,1,0.87,M33,1,1,1,3,1,0,1
S20,3,0.32,5,1.05,6,4,4,0.52,HT24,4,1,1,4,6,1,0
S20,4,0.02,1,1.15,6,6,6,1.27,N58,5,0,0,6,6,0,0
S20,5,1.1,0,0,7,5,3,0.68,E13,5,0,1,6,1,0,0
S20,6,0.92,5,1.43,9,1,1,0.42,HT26,1,1,1,1,1,1,1
S20,7,1.07,3,1.37,10,5,2,0.98,HT22,5,0,1,2,5,0,1
S20,8,0.73,5,1.67,12,2,2,0.47,E15,2,1,1,2,4,1,0
S20,9,0.38,2,1.58,12,6,2,1.18,N97,6,0,1,1,1,0,0
S20,10,0.35,2,1.13,12,5,5,1.57,E31,1,0,0,5,6,0,0
S20,11,0.28,5,1.35,14,5,5,0.45,N61,5,1,1,5,5,1,1
S20,12,0.27,5,1.12,15,3,5,0.37,E30,3,0,1,5,3,0,1
S20,13,0.33,5,0.32,17,3,3,0.3,HT41,3,1,1,3,6,1,0
S20,14,0.55,0,0,17,1,1,0.7,N69,3,0,0,1,1,0,0
S20,15,0.33,3,1.08,17,2,2,0.47,N14,5,0,0,2,4,0,0
S20,16,0.32,5,1.32,19,2,2,0.42,N51,2,1,1,2,2,1,1
S20,17,0.53,2,0.3,19,3,4,0.53,HT66,5,0,0,1,5,0,1
S20,18,0.4,4,1.82,21,5,5,1.55,HT101,5,1,1,5,2,1,0
S20,19,0.35,4,1.15,21,4,4,1.22,N71,3,0,0,1,1,0,0
S20,20,0.8,5,0.32,22,5,6,0.88,N16,5,0,1,1,4,0,0
S20,21,1.23,4,1.22,22,4,4,0.7,N48,1,0,0,1,1,1,1
S20,22,0.3,5,0.43,24,2,2,0.28,N15,2,1,1,5,2,0,1
S20,23,0.68,5,1.12,26,4,4,0.42,HT106A-Frog-4727.jpg,4,1,1,4,3,1,0
S20,24,0.52,5,1.08,28,1,1,0.35,N114,1,1,1,3,3,0,0
S20,25,1.02,2,0.35,30,2,2,0.4,N83,2,1,1,6,1,0,0
S20,26,0.67,5,0.97,32,4,4,0.45,N102,4,1,1,4,4,1,1
S20,27,0.42,5,1.1,34,5,5,0.3,HT73A-SeaHorse-959.jpg,5,1,1,1,5,0,1
S20,28,0.42,5,1.65,36,2,2,0.32,N154A-Fish-859.jpg,2,1,1,2,3,1,0
S20,29,0.32,0,0,38,5,5,0.43,N74,5,1,1,2,2,0,0
S20,30,0.28,5,1.22,40,4,4,0.35,H26A - Seahorn.jpg,4,1,1,1,2,0,0
S20,31,0.93,5,1.12,42,4,4,0.37,E36A - lizard.jpg,4,1,1,4,4,1,1
S20,32,0.63,5,1.3,42,4,3,0.63,N152A-Fish-801.jpg,2,0,0,4,2,0,1
S20,33,0.83,5,0.33,44,1,1,0.1,HT67A-OrpionFish-932.jpg,1,1,1,1,5,1,0
S20,34,0.32,5,1.13,46,2,2,0.33,N77,2,1,1,1,1,0,0
S20,36,0.4,5,0.97,48,5,5,0.4,40A - Tutle.jpg,5,1,1,5,5,1,1
S20,37,1.8,4,1.27,48,5,6,0.75,55A - Fog.jpg,2,0,0,6,2,0,1
S20,38,0.85,5,1.22,50,2,2,0.3,49A - Insect.jpg,2,1,1,2,6,1,0
S20,39,0.42,5,0.9,50,5,4,1.23,N213A-Lizard-2136.jpg,2,0,0,4,4,0,0
S20,40,0.3,5,1.18,52,1,1,0.28,HT84A-Spider-2766.jpg,1,1,1,3,4,0,0
S21,1,0.92,5,1.1,2,1,1,0.63,M34,1,1,1,1,1,1,1
S21,2,0.47,5,0.67,4,1,1,0.55,M33,1,1,1,3,1,0,1
S21,3,0.48,5,0.85,6,4,4,0.12,HT24,4,1,1,4,6,1,0
S21,4,0.42,5,0.93,8,5,5,0.75,N58,5,1,1,6,6,0,0
S21,5,0.57,5,1.08,10,5,5,0.48,E13,5,1,1,6,1,0,0
S21,6,0.38,5,1.05,12,1,1,0.48,HT26,1,1,1,1,1,1,1
S21,7,0.98,2,1.53,13,5,3,0.93,HT22,5,0,1,2,5,0,1
S21,8,0.63,5,1.35,15,2,2,0.47,E15,2,1,1,2,4,1,0
S21,9,0.43,5,1.5,15,6,3,1.23,N97,6,0,1,1,1,0,0
S21,10,0.37,2,0.67,15,5,5,0.83,E31,1,0,0,5,6,0,0
S21,11,0.35,5,0.95,17,5,5,0.48,N61,5,1,1,5,5,1,1
S21,12,0.02,5,1.12,18,3,5,0.47,E30,3,0,1,5,3,0,1
S21,13,0.42,5,0.6,20,3,3,0.5,HT41,3,1,1,3,6,1,0
S21,14,0.4,0,0,20,1,1,0.48,N69,3,0,0,1,1,0,0
S21,15,0.3,5,1.35,20,2,2,0.37,N14,5,0,0,2,4,0,0
S21,16,0.42,5,0.65,22,2,2,1.02,N51,2,1,1,2,2,1,1
S21,17,0.25,4,1.05,23,5,4,1.42,HT66,5,0,1,1,5,0,1
S21,18,0.38,5,0.78,25,5,5,0.02,HT101,5,1,1,5,2,1,0
S21,19,0.45,5,0.62,25,1,1,0.7,N71,3,0,0,1,1,0,0
S21,20,0.15,2,1.4,27,5,5,1.1,N16,5,1,1,1,4,0,0
S21,21,0.52,2,1.4,27,5,5,1.9,N48,1,0,0,1,1,1,1
S21,22,0.48,5,1.42,29,2,2,0.02,N15,2,1,1,5,2,0,1
S21,23,0.43,5,0.58,31,4,4,0.63,HT106A-Frog-4727.jpg,4,1,1,4,3,1,0
S21,24,0.28,2,1.05,31,3,3,0.57,N114,1,0,0,3,3,0,0
S21,25,0.38,2,0.33,31,4,4,1.38,N83,2,0,0,6,1,0,0
S21,26,0.48,5,0.43,33,4,4,0.12,N102,4,1,1,4,4,1,1
S21,27,0.35,5,0.47,35,5,5,0.63,HT73A-SeaHorse-959.jpg,5,1,1,1,5,0,1
S21,28,0.3,5,0.73,37,2,2,0.42,N154A-Fish-859.jpg,2,1,1,2,3,1,0
S21,29,0.42,5,1.97,39,5,5,0.47,N74,5,1,1,2,2,0,0
S21,30,0.33,5,0.6,41,4,4,0.37,H26A - Seahorn.jpg,4,1,1,1,2,0,0
S21,31,0.5,5,1.15,43,4,4,1.18,E36A - lizard.jpg,4,1,1,4,4,1,1
S21,32,0.13,5,0.85,44,2,4,0.63,N152A-Fish-801.jpg,2,0,1,4,2,0,1
S21,33,0.58,5,0.7,44,5,4,1.37,HT67A-OrpionFish-932.jpg,1,0,0,1,5,1,0
S21,34,0.32,5,0.52,45,2,5,1.27,N77,2,0,1,1,1,0,0
S21,35,0.32,2,0.75,47,2,2,0.3,HT80A-Spider-2560.jpg,2,1,1,5,6,0,0
S21,36,0.3,5,0.35,49,5,5,0.37,40A - Tutle.jpg,5,1,1,5,5,1,1
S21,37,1,0,0,50,2,1,0.53,55A - Fog.jpg,2,0,1,6,2,0,1
S21,38,0.33,3,1.17,52,2,2,0.3,49A - Insect.jpg,2,1,1,2,6,1,0
S21,39,0.28,5,0.78,54,2,2,0.05,N213A-Lizard-2136.jpg,2,1,1,4,4,0,0
S21,40,0.35,5,0.7,56,1,1,0.37,HT84A-Spider-2766.jpg,1,1,1,3,4,0,0
S22,1,0.38,4,1.4,2,1,1,0.65,M34,1,1,1,1,1,1,1
S22,2,0.82,5,1.13,3,1,3,1.18,M33,1,0,1,3,1,0,1
S22,3,0.53,3,0.75,5,4,4,0.83,HT24,4,1,1,4,6,1,0
S22,4,0.6,5,0.75,6,5,2,1.17,N58,5,0,1,6,6,0,0
S22,5,0.53,1,0.8,6,4,2,0.63,E13,5,0,0,6,1,0,0
S22,6,0.82,5,0.67,8,1,1,0.92,HT26,1,1,1,1,1,1,1
S22,7,0.45,5,0.6,9,5,2,1.13,HT22,5,0,1,2,5,0,1
S22,8,0.83,5,0.68,11,2,2,0.98,E15,2,1,1,2,4,1,0
S22,9,0.38,5,0.53,11,6,6,1,N97,6,1,1,1,1,0,0
S22,10,0.62,5,0.63,12,1,5,0.68,E31,1,0,1,5,6,0,0
S22,11,0.48,5,0.75,14,5,5,0.55,N61,5,1,1,5,5,1,1
S22,12,0.57,5,0.6,15,3,4,1,E30,3,0,1,5,3,0,1
S22,13,1.47,3,1.5,16,4,3,1.27,HT41,3,1,0,3,6,1,0
S22,14,0.47,4,1.08,16,1,1,0.98,N69,3,0,0,1,1,0,0
S22,15,1.65,2,1.5,16,2,2,1.07,N14,5,0,0,2,4,0,0
S22,16,0.47,5,0.48,18,2,2,0.47,N51,2,1,1,2,2,1,1
S22,17,1.55,3,1.7,18,3,4,1.08,HT66,5,0,0,1,5,0,1
S22,18,0.32,2,0.57,18,2,2,1.52,HT101,5,0,0,5,2,1,0
S22,19,0.57,2,1.12,18,1,1,0.65,N71,3,0,0,1,1,0,0
S22,20,0.57,2,0.45,18,6,2,0.97,N16,5,0,0,1,4,0,0
S22,21,0.8,2,0.97,19,1,2,1.15,N48,1,0,1,1,1,1,1
S22,22,0.4,3,0.33,21,2,2,0.97,N15,2,1,1,5,2,0,1
S22,23,0.47,5,0.77,23,4,4,1.42,HT106A-Frog-4727.jpg,4,1,1,4,3,1,0
S22,24,0.7,2,0.45,23,3,5,1.37,N114,1,0,0,3,3,0,0
S22,25,0.75,0,0.83,23,4,4,1.25,N83,2,0,0,6,1,0,0
S22,26,0.43,5,0.58,25,4,4,0.83,N102,4,1,1,4,4,1,1
S22,27,0.43,5,0.48,27,5,5,0.83,HT73A-SeaHorse-959.jpg,5,1,1,1,5,0,1
S22,28,0.45,5,1.17,29,2,2,0.83,N154A-Fish-859.jpg,2,1,1,2,3,1,0
S22,29,0.32,5,0.48,31,5,5,0.47,N74,5,1,1,2,2,0,0
S22,30,0.58,2,1.13,33,4,4,0.92,H26A - Seahorn.jpg,4,1,1,1,2,0,0
S22,31,0.37,5,0.6,35,4,4,0.82,E36A - lizard.jpg,4,1,1,4,4,1,1
S22,32,0.38,5,0.48,35,4,4,1.1,N152A-Fish-801.jpg,2,0,0,4,2,0,1
S22,33,0.33,2,0.37,37,1,1,0.52,HT67A-OrpionFish-932.jpg,1,1,1,1,5,1,0
S22,34,0.9,2,0.35,37,1,5,0.97,N77,2,0,0,1,1,0,0
S22,35,0.45,2,1.12,37,6,3,1.22,HT80A-Spider-2560.jpg,2,0,0,5,6,0,0
S22,36,0.42,5,0.63,39,5,5,1.07,40A - Tutle.jpg,5,1,1,5,5,1,1
S22,37,0.82,5,1.78,40,2,6,1.1,55A - Fog.jpg,2,0,1,6,2,0,1
S22,38,0.42,2,0.52,42,2,2,0.62,49A - Insect.jpg,2,1,1,2,6,1,0
S22,39,0.35,2,0.45,42,5,5,1.12,N213A-Lizard-2136.jpg,2,0,0,4,4,0,0
S22,40,0.43,2,0.48,44,1,1,0.87,HT84A-Spider-2766.jpg,1,1,1,3,4,0,0
S23,1,0.32,5,0.52,2,1,1,0.38,M34,1,1,1,1,1,1,1
S23,2,0.6,1,0.82,3,1,3,0.48,M33,1,0,1,3,1,0,1
S23,3,0.32,5,0.63,5,4,4,0.43,HT24,4,1,1,4,6,1,0
S23,4,0.35,4,0.67,6,5,4,0.87,N58,5,0,1,6,6,0,0
S23,5,0.62,1,0.48,7,5,3,0.8,E13,5,0,1,6,1,0,0
S23,6,0.32,5,0.35,9,1,1,0.33,HT26,1,1,1,1,1,1,1
S23,7,0.3,2,0.9,10,5,2,0.52,HT22,5,0,1,2,5,0,1
S23,8,0.32,5,0.67,12,2,2,0.45,E15,2,1,1,2,4,1,0
S23,9,0.38,2,0.5,12,1,1,1.15,N97,6,0,0,1,1,0,0
S23,10,0.98,1,0.92,12,6,5,0.28,E31,1,0,0,5,6,0,0
S23,11,0.3,5,0.37,14,5,5,0.77,N61,5,1,1,5,5,1,1
S23,12,0.47,5,0.48,15,3,5,0.2,E30,3,0,1,5,3,0,1
S23,13,0.32,3,0.73,17,3,3,0.48,HT41,3,1,1,3,6,1,0
S23,14,0.28,3,0.47,19,3,3,0.43,N69,3,1,1,1,1,0,0
S23,15,0.42,3,0.5,19,4,2,0.23,N14,5,0,0,2,4,0,0
S23,16,0.7,5,0.45,20,2,1,0.32,N51,2,0,1,2,2,1,1
S23,17,0.32,0,0.37,21,5,4,0.37,HT66,5,0,1,1,5,0,1
S23,18,0.93,2,0.85,23,5,5,0.35,HT101,5,1,1,5,2,1,0
S23,19,0.42,3,0.53,23,1,1,0.38,N71,3,0,0,1,1,0,0
S23,20,0.13,0,0.37,23,1,1,0.38,N16,5,0,0,1,4,0,0
S23,21,0.4,1,0.38,25,1,1,0.68,N48,1,1,1,1,1,1,1
S23,22,0.3,3,0.33,27,2,2,0.32,N15,2,1,1,5,2,0,1
S23,23,0.33,5,0.35,29,4,4,0.9,HT106A-Frog-4727.jpg,4,1,1,4,3,1,0
S23,24,0.33,0,0.5,29,3,3,0.72,N114,1,0,0,3,3,0,0
S23,25,0.7,0,0.42,29,6,6,0.57,N83,2,0,0,6,1,0,0
S23,26,0.35,4,0.47,31,4,4,0.43,N102,4,1,1,4,4,1,1
S23,27,0.38,4,1.67,33,5,5,0.33,HT73A-SeaHorse-959.jpg,5,1,1,1,5,0,1
S23,28,0.35,3,0.48,35,2,2,0.95,N154A-Fish-859.jpg,2,1,1,2,3,1,0
S23,29,0.7,1,0.38,36,5,2,0.55,N74,5,0,1,2,2,0,0
S23,30,0.2,0,0.37,37,2,4,0.65,H26A - Seahorn.jpg,4,1,0,1,2,0,0
S23,31,0.27,4,0.35,39,4,4,0.33,E36A - lizard.jpg,4,1,1,4,4,1,1
S23,32,0.88,0,0.4,40,2,4,0.58,N152A-Fish-801.jpg,2,0,1,4,2,0,1
S23,33,0.53,1,0.35,41,5,1,0.53,HT67A-OrpionFish-932.jpg,1,1,0,1,5,1,0
S23,34,0.45,0,0.5,43,2,2,0.52,N77,2,1,1,1,1,0,0
S23,35,0.53,0,0.42,44,6,2,0.75,HT80A-Spider-2560.jpg,2,1,0,5,6,0,0
S23,36,0.32,4,1.52,46,5,5,0.43,40A - Tutle.jpg,5,1,1,5,5,1,1
S23,37,0.3,1,0.35,47,2,6,0.67,55A - Fog.jpg,2,0,1,6,2,0,1
S23,38,0.3,3,0.33,49,2,2,0.3,49A - Insect.jpg,2,1,1,2,6,1,0
S23,39,0.35,4,0.35,50,2,4,0.33,N213A-Lizard-2136.jpg,2,0,1,4,4,0,0
S23,40,0.4,0,0.58,50,3,3,0.48,HT84A-Spider-2766.jpg,1,0,0,3,4,0,0
S24,1,0.57,4,0.97,2,1,1,0.43,M34,1,1,1,1,1,1,1
S24,2,0.58,5,0.88,4,1,1,0.85,M33,1,1,1,3,1,0,1
S24,3,0.55,4,0.42,6,4,4,0.43,HT24,4,1,1,4,6,1,0
S24,4,1.1,4,1.35,8,5,5,1,N58,5,1,1,6,6,0,0
S24,5,0.72,4,0.92,9,5,3,1.18,E13,5,0,1,6,1,0,0
S24,6,0.6,4,1.22,11,1,1,0.6,HT26,1,1,1,1,1,1,1
S24,7,0.35,4,1.33,12,5,2,1.17,HT22,5,0,1,2,5,0,1
S24,8,0.68,4,0.87,14,2,2,0.33,E15,2,1,1,2,4,1,0
S24,9,0.3,4,1.28,14,6,6,0.97,N97,6,1,1,1,1,0,0
S24,10,0.33,4,0.52,15,1,5,0.58,E31,1,0,1,5,6,0,0
S24,11,0.32,4,1.05,17,5,5,0.35,N61,5,1,1,5,5,1,1
S24,12,0.92,4,0.4,18,3,5,0.32,E30,3,0,1,5,3,0,1
S24,13,0.67,0,1.35,20,3,3,0.4,HT41,3,1,1,3,6,1,0
S24,14,0.67,3,1.68,20,1,1,0.65,N69,3,0,0,1,1,0,0
S24,15,0.38,3,1.05,21,5,2,0.02,N14,5,0,1,2,4,0,0
S24,16,0.57,4,1.32,23,2,2,0.42,N51,2,1,1,2,2,1,1
S24,17,0.32,4,0.98,24,5,4,0.62,HT66,5,0,1,1,5,0,1
S24,18,0.62,3,1.1,26,5,5,0.28,HT101,5,1,1,5,2,1,0
S24,19,1.02,3,1.08,26,2,1,0.55,N71,3,0,0,1,1,0,0
S24,20,0.4,2,0.38,26,2,1,0.37,N16,5,0,0,1,4,0,0
S24,21,0.38,3,1.55,28,1,1,0.37,N48,1,1,1,1,1,1,1
S24,22,0.67,4,1.25,30,2,2,0.33,N15,2,1,1,5,2,0,1
S24,23,0.5,4,0.48,32,4,4,0.35,HT106A-Frog-4727.jpg,4,1,1,4,3,1,0
S24,24,0.43,4,0.97,32,2,3,0.85,N114,1,0,0,3,3,0,0
S24,25,0.58,3,1.22,32,1,6,0.92,N83,2,0,0,6,1,0,0
S24,26,0.02,4,0.47,34,4,4,0.33,N102,4,1,1,4,4,1,1
S24,27,0.32,5,0.43,36,5,5,0.28,HT73A-SeaHorse-959.jpg,5,1,1,1,5,0,1
S24,28,0.25,4,1.12,38,2,2,0.33,N154A-Fish-859.jpg,2,1,1,2,3,1,0
S24,29,0.33,4,0.88,40,5,5,0.35,N74,5,1,1,2,2,0,0
S24,30,0.35,3,1.42,42,4,4,0.6,H26A - Seahorn.jpg,4,1,1,1,2,0,0
S24,31,0.28,4,0.77,44,4,4,1.07,E36A - lizard.jpg,4,1,1,4,4,1,1
S24,32,0.38,4,0.92,46,2,2,0.38,N152A-Fish-801.jpg,2,1,1,4,2,0,1
S24,33,1.28,4,0.37,48,1,1,0.38,HT67A-OrpionFish-932.jpg,1,1,1,1,5,1,0
S24,34,0.97,1,1.17,48,1,1,0.37,N77,2,0,0,1,1,0,0
S24,35,0.73,1,1.58,49,6,2,0.65,HT80A-Spider-2560.jpg,2,1,0,5,6,0,0
S24,36,0.37,4,1.52,51,5,5,0.4,40A - Tutle.jpg,5,1,1,5,5,1,1
S24,37,0.53,4,1.17,52,2,6,1.1,55A - Fog.jpg,2,0,1,6,2,0,1
S24,38,0.37,4,0.93,54,2,2,0.38,49A - Insect.jpg,2,1,1,2,6,1,0
S24,39,0.35,4,0.93,56,2,2,0.33,N213A-Lizard-2136.jpg,2,1,1,4,4,0,0
S24,40,0.83,1,0.72,56,4,3,0.78,HT84A-Spider-2766.jpg,1,0,0,3,4,0,0
S25,2,1.28,5,1.22,2,1,4,1.48,M33,1,0,1,3,1,0,1
S25,3,1.07,4,0.97,3,4,5,1.53,HT24,4,0,1,4,6,1,0
S25,4,0.73,4,1.35,5,5,5,0.85,N58,5,1,1,6,6,0,0
S25,6,0.72,5,1.08,8,1,1,0.8,HT26,1,1,1,1,1,1,1
S25,7,0.95,4,1.33,9,5,2,0.9,HT22,5,0,1,2,5,0,1
S25,8,0.4,5,0.88,11,2,2,0.9,E15,2,1,1,2,4,1,0
S25,9,0.92,4,1.38,11,6,3,0.92,N97,6,0,1,1,1,0,0
S25,10,1.13,4,1.07,12,1,4,1.07,E31,1,0,1,5,6,0,0
S25,11,1.4,5,0.97,14,5,5,0.82,N61,5,1,1,5,5,1,1
S25,12,0.95,5,0.93,15,3,5,0.85,E30,3,0,1,5,3,0,1
S25,13,0.93,2,1.33,15,6,6,0.67,HT41,3,0,0,3,6,1,0
S25,14,0.75,4,0.78,15,2,1,1.15,N69,3,0,0,1,1,0,0
S25,15,0.47,4,1.42,16,5,3,0.73,N14,5,0,1,2,4,0,0
S25,16,0.97,5,0.87,17,2,3,0.08,N51,2,0,1,2,2,1,1
S25,17,0.95,5,1.15,18,5,1,1.17,HT66,5,0,1,1,5,0,1
S25,18,0.08,3,1.18,20,5,5,1.12,HT101,5,1,1,5,2,1,0
S25,19,0.9,5,1.2,20,1,1,0.93,N71,3,0,0,1,1,0,0
S25,20,0.98,4,1.25,20,4,1,0.48,N16,5,0,0,1,4,0,0
S25,21,0.38,5,1.17,20,2,2,0.88,N48,1,0,0,1,1,1,1
S25,22,1,5,1.07,22,2,2,0.97,N15,2,1,1,5,2,0,1
S25,23,0.97,5,1.07,23,4,1,0.8,HT106A-Frog-4727.jpg,4,0,1,4,3,1,0
S25,24,0.5,5,1.22,25,1,1,0.98,N114,1,1,1,3,3,0,0
S25,25,0.97,5,0.95,25,1,5,0.58,N83,2,0,0,6,1,0,0
S25,26,2,5,1.35,27,4,4,0.98,N102,4,1,1,4,4,1,1
S25,27,0.87,5,1.12,29,5,5,0.13,HT73A-SeaHorse-959.jpg,5,1,1,1,5,0,1
S25,28,0.82,5,1.13,31,2,2,0.82,N154A-Fish-859.jpg,2,1,1,2,3,1,0
S25,29,0.53,4,0.6,31,2,2,0.8,N74,5,0,0,2,2,0,0
S25,30,0.85,3,1.08,33,4,4,1.13,H26A - Seahorn.jpg,4,1,1,1,2,0,0
S25,31,0.48,5,0.88,35,4,4,1.15,E36A - lizard.jpg,4,1,1,4,4,1,1
S25,32,1.05,4,0.77,35,3,4,0.97,N152A-Fish-801.jpg,2,0,0,4,2,0,1
S25,33,0.95,5,1,36,5,1,1.03,HT67A-OrpionFish-932.jpg,1,1,0,1,5,1,0
S25,34,0.75,5,1.13,37,2,4,0.65,N77,2,0,1,1,1,0,0
S25,35,1.17,4,1.12,39,2,2,0.97,HT80A-Spider-2560.jpg,2,1,1,5,6,0,0
S25,36,1.47,4,1.18,41,5,5,0.9,40A - Tutle.jpg,5,1,1,5,5,1,1
S25,37,0.8,5,1.08,43,2,2,1.15,55A - Fog.jpg,2,1,1,6,2,0,1
S25,38,1.87,5,0.93,45,2,2,1.15,49A - Insect.jpg,2,1,1,2,6,1,0
S25,39,1.17,4,0.95,45,4,1,0.57,N213A-Lizard-2136.jpg,2,0,0,4,4,0,0
S25,40,0.52,4,0.58,45,3,3,1.03,HT84A-Spider-2766.jpg,1,0,0,3,4,0,0
S26,1,0.52,5,0.4,2,1,1,0.52,M34,1,1,1,1,1,1,1
S26,2,0.4,5,0.48,4,1,1,0.52,M33,1,1,1,3,1,0,1
S26,3,0.35,5,0.6,6,4,4,0.38,HT24,4,1,1,4,6,1,0
S26,4,0.45,4,0.85,7,5,6,0.65,N58,5,0,1,6,6,0,0
S26,5,0.37,4,0.7,9,5,5,0.53,E13,5,1,1,6,1,0,0
S26,6,0.28,4,0.28,11,1,1,0.52,HT26,1,1,1,1,1,1,1
S26,7,0.33,4,0.63,12,5,2,1.07,HT22,5,0,1,2,5,0,1
S26,8,0.33,4,0.45,14,2,2,0.38,E15,2,1,1,2,4,1,0
S26,9,0.48,3,0.53,14,6,1,0.98,N97,6,0,1,1,1,0,0
S26,10,0.37,5,0.33,15,1,5,0.47,E31,1,0,1,5,6,0,0
S26,11,0.27,5,0.3,17,5,5,0.48,N61,5,1,1,5,5,1,1
S26,12,0.33,5,0.3,19,3,3,0.3,E30,3,1,1,5,3,0,1
S26,13,0.37,5,0.47,21,3,3,0.42,HT41,3,1,1,3,6,1,0
S26,14,0.25,1,0.38,21,1,1,0.5,N69,3,0,0,1,1,0,0
S26,15,0.35,1,0.33,21,2,2,0.38,N14,5,0,0,2,4,0,0
S26,16,0.28,5,0.38,23,2,2,0.37,N51,2,1,1,2,2,1,1
S26,17,0.58,2,0.9,24,5,4,0.45,HT66,5,0,1,1,5,0,1
S26,18,0.3,2,0.25,26,5,5,0.33,HT101,5,1,1,5,2,1,0
S26,19,0.35,2,0.37,26,1,1,0.73,N71,3,0,0,1,1,0,0
S26,20,0.35,1,0.45,26,1,1,0.32,N16,5,0,0,1,4,0,0
S26,21,0.32,2,0.3,28,1,1,0.72,N48,1,1,1,1,1,1,1
S26,22,0.43,3,0.48,30,2,2,0.42,N15,2,1,1,5,2,0,1
S26,23,0.32,5,0.33,32,4,4,0.32,HT106A-Frog-4727.jpg,4,1,1,4,3,1,0
S26,24,0.45,4,0.33,34,1,1,0.33,N114,1,1,1,3,3,0,0
S26,25,0.35,0,0.32,34,5,5,1.22,N83,2,0,0,6,1,0,0
S26,26,0.33,5,0.53,36,4,4,0.38,N102,4,1,1,4,4,1,1
S26,27,0.33,3,0.32,38,5,5,0.32,HT73A-SeaHorse-959.jpg,5,1,1,1,5,0,1
S26,28,0.38,4,0.28,40,2,2,0.37,N154A-Fish-859.jpg,2,1,1,2,3,1,0
S26,29,0.33,3,0.48,42,5,5,0.75,N74,5,1,1,2,2,0,0
S26,30,0.37,2,0.42,44,4,4,0.62,H26A - Seahorn.jpg,4,1,1,1,2,0,0
S26,31,0.33,4,0.3,46,4,4,0.32,E36A - lizard.jpg,4,1,1,4,4,1,1
S26,32,0.67,2,0.48,46,4,4,0.35,N152A-Fish-801.jpg,2,0,0,4,2,0,1
S26,33,0.32,1,0.3,47,5,1,0.42,HT67A-OrpionFish-932.jpg,1,1,0,1,5,1,0
S26,34,0.75,1,0.32,47,1,1,0.43,N77,2,0,0,1,1,0,0
S26,35,0.33,1,0.28,48,6,2,0.25,HT80A-Spider-2560.jpg,2,1,0,5,6,0,0
S26,36,0.4,3,0.3,50,5,5,0.13,40A - Tutle.jpg,5,1,1,5,5,1,1
S26,37,0.47,3,0.5,51,2,6,0.3,55A - Fog.jpg,2,0,1,6,2,0,1
S26,38,0.5,3,0.33,53,2,2,0.38,49A - Insect.jpg,2,1,1,2,6,1,0
S26,39,0.47,4,0.63,55,2,2,0.42,N213A-Lizard-2136.jpg,2,1,1,4,4,0,0
S26,40,0.35,3,0.32,56,1,3,0.38,HT84A-Spider-2766.jpg,1,0,1,3,4,0,0
S27,1,0.63,5,0.93,2,1,1,0.83,M34,1,1,1,1,1,1,1
S27,2,0.65,4,1.1,4,1,1,0.8,M33,1,1,1,3,1,0,1
S27,3,0.9,4,0.97,6,4,4,0.97,HT24,4,1,1,4,6,1,0
S27,4,0.75,4,0.92,8,5,5,0.9,N58,5,1,1,6,6,0,0
S27,5,0.78,4,0.8,9,5,2,1.03,E13,5,0,1,6,1,0,0
S27,6,0.73,5,0.97,11,1,1,1.07,HT26,1,1,1,1,1,1,1
S27,7,0.73,4,1.02,13,5,5,0.85,HT22,5,1,1,2,5,0,1
S27,8,1.02,3,1.07,15,2,2,0.63,E15,2,1,1,2,4,1,0
S27,9,0.72,5,0.82,15,6,3,1.25,N97,6,0,1,1,1,0,0
S27,10,0.8,2,0.93,15,5,5,0.93,E31,1,0,0,5,6,0,0
S27,11,0.65,5,0.85,17,5,5,0.72,N61,5,1,1,5,5,1,1
S27,12,0.97,5,1.08,19,3,3,0.98,E30,3,1,1,5,3,0,1
S27,13,0.7,4,1.17,21,3,3,1.03,HT41,3,1,1,3,6,1,0
S27,14,0.78,3,0.9,23,3,3,0.95,N69,3,1,1,1,1,0,0
S27,15,0.82,2,0.98,23,2,2,0.78,N14,5,0,0,2,4,0,0
S27,16,0.78,4,1.12,25,2,2,0.53,N51,2,1,1,2,2,1,1
S27,17,0.92,4,1.03,27,5,5,0.85,HT66,5,1,1,1,5,0,1
S27,18,0.93,5,0.88,29,5,5,0.97,HT101,5,1,1,5,2,1,0
S27,19,1.13,3,1.32,29,1,1,1.05,N71,3,0,0,1,1,0,0
S27,20,0.85,4,1.03,31,5,5,0.98,N16,5,1,1,1,4,0,0
S27,21,0.93,1,1.07,33,1,1,1.08,N48,1,1,1,1,1,1,1
S27,22,1.03,2,1.42,35,2,2,0.97,N15,2,1,1,5,2,0,1
S27,23,0.97,5,1.02,37,4,4,1.02,HT106A-Frog-4727.jpg,4,1,1,4,3,1,0
S27,24,0.95,4,1.12,39,1,1,1.13,N114,1,1,1,3,3,0,0
S27,25,1.08,2,1.37,39,3,6,1,N83,2,0,0,6,1,0,0
S27,26,0.92,5,0.93,41,4,4,0.52,N102,4,1,1,4,4,1,1
S27,27,0.83,5,1,43,5,5,0.63,HT73A-SeaHorse-959.jpg,5,1,1,1,5,0,1
S27,28,0.77,4,0.9,45,2,2,0.88,N154A-Fish-859.jpg,2,1,1,2,3,1,0
S27,29,1.28,2,1.38,47,5,5,1.08,N74,5,1,1,2,2,0,0
S27,30,0.93,2,1.2,49,4,4,0.55,H26A - Seahorn.jpg,4,1,1,1,2,0,0
S27,31,0.8,4,1.2,51,4,4,0.98,E36A - lizard.jpg,4,1,1,4,4,1,1
S27,32,1.02,3,1.3,51,4,4,1.1,N152A-Fish-801.jpg,2,0,0,4,2,0,1
S27,33,0.87,4,1.03,53,1,1,0.95,HT67A-OrpionFish-932.jpg,1,1,1,1,5,1,0
S27,34,1.12,5,1.23,54,2,1,0.93,N77,2,0,1,1,1,0,0
S27,35,1.37,2,1.25,54,6,1,1.02,HT80A-Spider-2560.jpg,2,0,0,5,6,0,0
S27,36,0.97,5,1.13,56,5,5,0.97,40A - Tutle.jpg,5,1,1,5,5,1,1
S27,37,1.32,3,1.38,58,2,2,1.18,55A - Fog.jpg,2,1,1,6,2,0,1
S27,38,1.13,2,1.03,60,2,2,1.17,49A - Insect.jpg,2,1,1,2,6,1,0
S27,39,0.97,5,1.18,62,2,2,0.82,N213A-Lizard-2136.jpg,2,1,1,4,4,0,0
S27,40,0.88,4,1.1,63,1,3,1.08,HT84A-Spider-2766.jpg,1,0,1,3,4,0,0
S28,1,0.27,4,0.33,2,1,1,0.47,M34,1,1,1,1,1,1,1
S28,2,0.8,5,1.67,3,6,1,1.58,M33,1,1,0,3,1,0,1
S28,3,0.38,5,0.3,5,4,4,0.27,HT24,4,1,1,4,6,1,0
S28,4,0.27,5,0.25,6,5,1,0.57,N58,5,0,1,6,6,0,0
S28,5,0.28,5,0.3,8,5,5,0.28,E13,5,1,1,6,1,0,0
S28,6,0.3,5,0.55,10,1,1,0.37,HT26,1,1,1,1,1,1,1
S28,7,1.02,5,0.47,12,5,5,0.33,HT22,5,1,1,2,5,0,1
S28,8,0.38,5,0.65,14,2,2,0.28,E15,2,1,1,2,4,1,0
S28,9,0.37,5,0.82,14,6,6,1.52,N97,6,1,1,1,1,0,0
S28,10,0.22,5,0.38,15,1,3,0.73,E31,1,0,1,5,6,0,0
S28,11,0.28,5,0.87,17,5,5,0.23,N61,5,1,1,5,5,1,1
S28,12,0.3,5,1,18,3,5,0.45,E30,3,0,1,5,3,0,1
S28,13,0.32,3,0.8,20,3,3,0.23,HT41,3,1,1,3,6,1,0
S28,14,0.3,5,0.28,21,3,1,0.22,N69,3,0,1,1,1,0,0
S28,15,1.07,2,0.28,21,2,2,0.23,N14,5,0,0,2,4,0,0
S28,16,0.17,5,0.53,23,2,2,0.25,N51,2,1,1,2,2,1,1
S28,17,0.3,3,0.27,24,5,6,0.38,HT66,5,0,1,1,5,0,1
S28,18,0.27,5,0.52,26,5,5,0.27,HT101,5,1,1,5,2,1,0
S28,19,0.38,5,0.25,28,3,3,0.48,N71,3,1,1,1,1,0,0
S28,20,0.43,2,0.3,28,6,6,0.3,N16,5,0,0,1,4,0,0
S28,21,0.42,1,0.4,29,1,4,0.32,N48,1,0,1,1,1,1,1
S28,22,0.27,4,0.3,31,2,2,0.23,N15,2,1,1,5,2,0,1
S28,23,0.1,5,0.45,33,4,4,0.12,HT106A-Frog-4727.jpg,4,1,1,4,3,1,0
S28,24,0.67,5,0.28,35,1,1,0.43,N114,1,1,1,3,3,0,0
S28,25,0.52,1,0.52,35,6,6,0.48,N83,2,0,0,6,1,0,0
S28,26,0.32,5,0.25,37,4,4,0.27,N102,4,1,1,4,4,1,1
S28,27,0.42,5,0.98,39,5,5,0.43,HT73A-SeaHorse-959.jpg,5,1,1,1,5,0,1
S28,28,0.38,5,0.72,41,2,2,0.3,N154A-Fish-859.jpg,2,1,1,2,3,1,0
S28,29,0.18,3,0.23,43,5,5,0.07,N74,5,1,1,2,2,0,0
S28,30,0.27,4,0.3,45,4,4,0.23,H26A - Seahorn.jpg,4,1,1,1,2,0,0
S28,31,0.22,5,0.5,47,4,4,0.17,E36A - lizard.jpg,4,1,1,4,4,1,1
S28,32,0.87,1,1,48,2,4,0.27,N152A-Fish-801.jpg,2,0,1,4,2,0,1
S28,33,0.22,5,0.3,50,1,1,0.22,HT67A-OrpionFish-932.jpg,1,1,1,1,5,1,0
S28,34,0.15,3,0.23,50,5,5,0.17,N77,2,0,0,1,1,0,0
S28,35,0.32,2,0.45,50,6,5,0.9,HT80A-Spider-2560.jpg,2,0,0,5,6,0,0
S28,36,0.28,5,0.27,52,5,5,0.5,40A - Tutle.jpg,5,1,1,5,5,1,1
S28,37,0.32,5,0.3,53,2,6,0.2,55A - Fog.jpg,2,0,1,6,2,0,1
S28,38,0.42,3,0.2,55,2,2,0.2,49A - Insect.jpg,2,1,1,2,6,1,0
S28,39,0.27,5,0.23,57,2,2,0.2,N213A-Lizard-2136.jpg,2,1,1,4,4,0,0
S28,40,0.22,1,0.43,57,3,3,0.35,HT84A-Spider-2766.jpg,1,0,0,3,4,0,0
S29,1,0.33,5,0.43,2,1,1,0.63,M34,1,1,1,1,1,1,1
S29,2,0.35,5,0.25,4,1,1,0.97,M33,1,1,1,3,1,0,1
S29,3,0.47,5,0.33,6,4,4,0.45,HT24,4,1,1,4,6,1,0
S29,4,0.82,5,0.4,8,5,5,0.55,N58,5,1,1,6,6,0,0
S29,5,0.4,5,0.4,10,5,5,0.32,E13,5,1,1,6,1,0,0
S29,6,0.3,0,0,12,1,1,0.27,HT26,1,1,1,1,1,1,1
S29,7,0.27,5,0.28,14,5,5,0.27,HT22,5,1,1,2,5,0,1
S29,8,0.28,5,0.9,16,2,2,0.32,E15,2,1,1,2,4,1,0
S29,9,1.18,0,0.75,16,4,4,0.9,N97,6,0,0,1,1,0,0
S29,10,0.5,2,0.37,16,6,5,0.38,E31,1,0,0,5,6,0,0
S29,11,0.57,5,0.88,17,6,5,0.35,N61,5,1,0,5,5,1,1
S29,12,0.3,5,0.28,18,3,5,0.92,E30,3,0,1,5,3,0,1
S29,13,1.02,2,0.77,19,6,3,0.3,HT41,3,1,0,3,6,1,0
S29,14,0.55,4,0.52,20,3,1,0.28,N69,3,0,1,1,1,0,0
S29,15,0.42,5,0.37,21,5,2,0.58,N14,5,0,1,2,4,0,0
S29,16,0.42,5,0.58,23,2,2,0.68,N51,2,1,1,2,2,1,1
S29,17,0.37,5,0.28,24,5,1,0.85,HT66,5,0,1,1,5,0,1
S29,18,0.3,5,0.4,26,5,5,0.4,HT101,5,1,1,5,2,1,0
S29,19,0.22,5,0.52,26,1,1,0.32,N71,3,0,0,1,1,0,0
S29,20,0.43,5,0.32,27,5,1,1.17,N16,5,0,1,1,4,0,0
S29,21,0.78,5,0.33,29,1,1,0.9,N48,1,1,1,1,1,1,1
S29,22,0.28,5,0.5,31,2,2,0.65,N15,2,1,1,5,2,0,1
S29,23,0.32,5,0.38,33,4,4,0.37,HT106A-Frog-4727.jpg,4,1,1,4,3,1,0
S29,24,0.18,5,0.95,35,1,1,0.63,N114,1,1,1,3,3,0,0
S29,25,0.83,1,1.1,35,6,6,1.73,N83,2,0,0,6,1,0,0
S29,26,0.37,5,0.27,37,4,4,0.4,N102,4,1,1,4,4,1,1
S29,27,0.28,5,0.4,39,5,5,1.23,HT73A-SeaHorse-959.jpg,5,1,1,1,5,0,1
S29,28,0.32,5,0.95,41,2,2,0.42,N154A-Fish-859.jpg,2,1,1,2,3,1,0
S29,29,0.37,5,0.5,43,5,5,0.32,N74,5,1,1,2,2,0,0
S29,30,1.08,5,0.7,45,4,4,0.6,H26A - Seahorn.jpg,4,1,1,1,2,0,0
S29,31,0.35,5,0.7,47,4,4,0.37,E36A - lizard.jpg,4,1,1,4,4,1,1
S29,33,0.78,5,0.37,49,1,1,0.32,HT67A-OrpionFish-932.jpg,1,1,1,1,5,1,0
S29,34,0.33,3,0.37,49,1,1,0.48,N77,2,0,0,1,1,0,0
S29,35,0.3,5,0.37,49,6,5,0.95,HT80A-Spider-2560.jpg,2,0,0,5,6,0,0
S29,36,0.18,5,0.45,51,5,5,0.65,40A - Tutle.jpg,5,1,1,5,5,1,1
S29,37,0.38,5,0.3,52,2,3,0.58,55A - Fog.jpg,2,0,1,6,2,0,1
S29,38,0.28,5,0.63,54,2,2,0.33,49A - Insect.jpg,2,1,1,2,6,1,0
S29,39,0.32,5,0.43,54,4,4,0.32,N213A-Lizard-2136.jpg,2,0,0,4,4,0,0
S29,40,0.9,2,0.35,54,4,3,0.37,HT84A-Spider-2766.jpg,1,0,0,3,4,0,0
